,X,name,mass,eff,diet,order,family,habitat,fac,loco,genus,name2,mass2,eff2,name3,mass3,speed3
2,2,Abrocoma_bennettii,0.2505,0.555687364,2,Rodentia,Abrocomidae,5,1,1,Abrocoma,NA,NA,NA,Abrocoma_bennettii,NA,NA
3,3,Acinonyx_jubatus,50,0.852430692,1,Carnivora,Felidae,4,3,2,Acinonyx,Acinonyx_jubatus,50,0.8278708,Acinonyx jubatus,56.9,108.45586
4,4,Acomys_cahirinus,0.0525,0.600016231,3,Rodentia,Muridae,3,1,1,Acomys,NA,NA,NA,Acomys_cahirinus,NA,NA
5,5,Acrobates_pygmaeus,0.012,0.612040451,3,Diprotodontia,Arcobatidae,1,2,1,Acrobates,NA,NA,NA,Acrobates_pygmaeus,NA,NA
6,6,Addax_nasomaculatus,70.0003,0.917332987,2,Artiodactyla,Bovidae,3,3,3,Addax,Addax_nasomaculatus,70.0003,0.908859326,Addax_nasomaculatus,NA,NA
7,7,Aepyceros_melampus,52.5001,0.868330185,2,Artiodactyla,Bovidae,4,3,3,Aepyceros,Aepyceros_melampus,52.5001,0.898561902,Aepyceros melampus,51.625,46.3384
8,8,Aepyprymnus_rufescens,3.25,0.604893167,2,Diprotodontia,Potoroidae,1,3,1,Aepyprymnus,Aepyprymnus_rufescens,3.25,0.638025058,Aepyprymnus_rufescens,NA,NA
9,9,Agouti_paca,8,0.775456334,2,Rodentia,Agoutidae,1,3,1,Agouti,Agouti_paca,8,0.726888514,Agouti_paca,NA,NA
10,10,Ailuropoda_melanoleuca,108.4,0.762186633,1,Carnivora,Ursidae,1,3,1,Ailuropoda,Ailuropoda_melanoleuca,108.4,0.732634705,Ailuropoda_melanoleuca,NA,NA
11,11,Ailurops_ursinus,10,0.661447267,2,Diprotodontia,Phalangeridae,2,2,1,Ailurops,Ailurops_ursinus,10,0.738386491,Ailurops_ursinus,NA,NA
12,12,Ailurus_fulgens,4.9,0.721498063,1,Carnivora,Ursidae,2,2,1,Ailurus,Ailurus_fulgens,4.9,0.774636561,Ailurus_fulgens,NA,NA
13,13,Alcelaphus_buselaphus,171.0015,0.872906874,2,Artiodactyla,Bovidae,4,3,3,Alcelaphus,Alcelaphus_buselaphus,171.0015,0.898213911,Alcelaphus buselaphus,153,78.99016
14,14,Alces_alces,358.9963,0.874788952,2,Artiodactyla,Cervidae,4,3,3,Alces,Alces_alces,358.9963,0.909390656,Alces alces,417,55.27342
15,15,Allactaga_elater,0.059,0.571646635,2,Rodentia,Dipodidae,3,3,1,Allactaga,Allactaga_elater,0.059,0.622731662,Allactaga_elater,NA,NA
16,16,Allenopithecus_nigroviridis,4.75,0.789663466,3,Primates,Cercopithecidae,2,2,1,Allenopithecus,Allenopithecus_nigroviridis,4.75,0.753801142,Allenopithecus_nigroviridis,NA,NA
17,17,Allocebus_trichotis,0.0775,0.699998677,3,Primates,Cheirogaleidae,2,2,1,Allocebus,NA,NA,NA,Allocebus_trichotis,NA,NA
18,18,Alopex_lagopus,4.86765,0.852823299,1,Carnivora,Canidae,4,3,2,Alopex,Alopex_lagopus,6.2853,0.860264534,Alopex_lagopus,NA,NA
19,19,Alouatta_fusca,8,0.658712409,2,Primates,Cebidae,2,2,1,Alouatta,NA,NA,NA,Alouatta_fusca,NA,NA
20,20,Ammospermophilus_leucurus,0.1037,0.476078045,2,Rodentia,Sciuridae,3,1,1,Ammospermophilus,Ammospermophilus_leucurus,0.1037,0.581951267,Ammospermophilus leucurus,0.07589635,16.77222247
21,21,Antechinus_flavipes,0.045,0.514278755,2,Dasyuromorphia,Dasyuridae,1,2,1,Antechinus,NA,NA,NA,Antechinus flavipes,0.0519998,16.19908997
22,22,Antechinus_stuartii,0.0275,0.540525795,2,Dasyuromorphia,Dasyuridae,1,2,1,Antechinus,Antechinus_stuartii,0.0275,0.644115024,Antechinus_stuartii,NA,NA
23,23,Antidorcas_marsupialis,39.0499,0.836446472,2,Artiodactyla,Bovidae,4,3,3,Antidorcas,Antidorcas_marsupialis,39.0499,0.83045806,Antidorcas marsupialis,34,95.651
24,24,Antilocapra_americana,46.0829,0.873867772,2,Artiodactyla,Antilocapridae,4,3,3,Antilocapra,Antilocapra_americana,46.0829,0.910981705,Antilocapra americana,50,98.6
25,25,Antilope_cervicapra,37.5,0.866047483,2,Artiodactyla,Bovidae,4,3,3,Antilope,Antilope_cervicapra,37.5,0.790479009,Antilope cervicapra,37.25,103.5408
26,26,Aotus_lemurinus,0.873,0.763248951,3,Primates,Cebidae,2,2,1,Aotus,Aotus_lemurinus,0.873,0.829161615,Aotus_lemurinus,NA,NA
27,27,Aplodontia_rufa,1.004,0.705409388,2,Rodentia,Aplodontidae,5,1,1,Aplodontia,Aplodontia_rufa,1.004,0.731280232,Aplodontia_rufa,NA,NA
28,28,Apodemus_agrarius,0.0215,0.61448417,3,Rodentia,Muridae,4,1,1,Apodemus,NA,NA,NA,Apodemus_agrarius,NA,NA
29,29,Arborimus_longicaudus,0.0218,0.640896608,2,Rodentia,Muridae,2,2,1,Arborimus,NA,NA,NA,Arborimus_longicaudus,NA,NA
30,30,Arctictis_binturong,13,0.700359352,1,Carnivora,Viverridae,2,2,1,Arctictis,Arctictis_binturong,13,0.725821512,Arctictis_binturong,NA,NA
31,31,Arctogalidia_trivirgata,2.25,0.672117662,1,Carnivora,Viverridae,2,2,2,Arctogalidia,Arctogalidia_trivirgata,2.25,0.454640713,Arctogalidia_trivirgata,NA,NA
32,32,Arctonyx_collaris,6.356,0.795805161,1,Carnivora,Mustelidae,1,1,2,Arctonyx,Arctonyx_collaris,6.356,0.834020215,Arctonyx_collaris,NA,NA
33,33,Arvicanthis_niloticus,0.1388,0.63898651,2,Rodentia,Muridae,4,1,1,Arvicanthis,NA,NA,NA,Arvicanthis_niloticus,NA,NA
34,34,Atelerix_albiventris,0.6,0.670268388,1,Insectivora,Erinaceidae,4,3,2,Atelerix,NA,NA,NA,Atelerix_albiventris,NA,NA
35,35,Ateles_belzebuth,5,0.580765658,3,Primates,Cebidae,2,2,1,Ateles,Ateles_belzebuth,5,0.755160512,Ateles_belzebuth,NA,NA
36,36,Ateles_geoffroyi,5.2849,0.834840185,3,Primates,Cebidae,2,2,1,Ateles,Ateles_geoffroyi,5.2849,0.841618211,Ateles_geoffroyi,NA,NA
37,37,Atilax_paludinosus,3.3,0.724511497,1,Carnivora,Herpestidae,1,3,2,Atilax,Atilax_paludinosus,3.3,0.739108638,Atilax_paludinosus,NA,NA
38,38,Atlantoxerus_getulus,0.251,0.633137711,2,Rodentia,Sciuridae,3,1,1,Atlantoxerus,Atlantoxerus_getulus,0.251,0.69726337,Atlantoxerus_getulus,NA,NA
39,39,Auliscomys_boliviensis,0.0657,0.65799535,2,Rodentia,Muridae,3,3,1,Auliscomys,NA,NA,NA,Auliscomys_boliviensis,NA,NA
40,40,Avahi_laniger,0.9,0.340463569,2,Primates,Indridae,2,2,1,Avahi,NA,NA,NA,Avahi_laniger,NA,NA
41,41,Axis_axis,67.2818667,0.865269083,2,Artiodactyla,Cervidae,4,3,3,Axis,Axis_axis,70,0.882470915,Axis_axis,NA,NA
42,42,Babyrousa_babyrussa,100,0.88066743,2,Artiodactyla,Suidae,1,3,3,Babyrousa,Babyrousa_babyrussa,100,0.901702546,Babyrousa_babyrussa,NA,NA
43,43,Bandicota_indica,0.71995,0.654868738,2,Rodentia,Muridae,4,1,1,Bandicota,NA,NA,NA,Bandicota_indica,NA,NA
44,44,Bassaricyon_gabbii,1.25,0.675607982,1,Carnivora,Procyonidae,2,2,1,Bassaricyon,Bassaricyon_gabbii,1.25,0.668909303,Bassaricyon_gabbii,NA,NA
45,45,Bettongia_penicillata,1.3,0.576656243,3,Diprotodontia,Potoroidae,1,3,1,Bettongia,Bettongia_penicillata,1.3,0.582944416,Bettongia_penicillata,NA,NA
46,46,Bison_bison,579.2553,0.846064442,2,Artiodactyla,Bovidae,4,3,3,Bison,Bison_bison,579.2553,0.904538664,Bison bison,882.5,55.216
47,47,Blarina_brevicauda,0.028,0.564175117,3,Insectivora,Soricidae,4,1,1,Blarina,NA,NA,NA,Blarina brevicauda,0.016,3.600000002
48,48,Bos_sauveli,800,0.852651988,2,Artiodactyla,Bovidae,4,3,3,Bos,Bos_sauveli,800,0.890036049,Bos sauveli,800,28.57456
49,49,Bradypus_torquatus,3.9,0.886278207,2,Xenarthra,Bradypodidae,2,2,1,Bradypus,NA,NA,NA,Bradypus_torquatus,NA,NA
50,50,Bubalus_bubalis,825,0.898183267,2,Artiodactyla,Bovidae,4,3,3,Bubalus,Bubalus_bubalis,37.5,0.868745597,Bubalus_bubalis,NA,NA
51,51,Budorcas_taxicolor,302,0.876086461,2,Artiodactyla,Bovidae,5,3,3,Budorcas,Budorcas_taxicolor,302,0.904988443,Budorcas_taxicolor,NA,NA
52,52,Burramys_parvus,0.0415,0.613159892,3,Diprotodontia,Burramyidae,2,2,1,Burramys,NA,NA,NA,Burramys_parvus,NA,NA
53,53,Cabassous_chacoensis,1.49,0.631691122,3,Xenarthra,Dasypodidae,1,1,1,Cabassous,NA,NA,NA,Cabassous_chacoensis,NA,NA
54,54,Cacajao_melanocephalus,3.8,0.435740067,2,Primates,Cebidae,2,2,1,Cacajao,NA,NA,NA,Cacajao_melanocephalus,NA,NA
55,55,Callicebus_personatus,1.35,0.55524986,2,Primates,Cebidae,2,2,1,Callicebus,Callicebus_personatus,1.35,0.850312328,Callicebus_personatus,NA,NA
56,56,Callimico_goeldii,0.48,0.528473958,3,Primates,Callitrichidae,2,2,1,Callimico,NA,NA,NA,Callimico_goeldii,NA,NA
57,57,Callithrix_jacchus,0.292,0.528348645,3,Primates,Callitrichidae,2,2,1,Callithrix,NA,NA,NA,Callithrix_jacchus,NA,NA
58,58,Callosciurus_caniceps,0.257,0.647465288,3,Rodentia,Sciuridae,2,2,1,Callosciurus,Callosciurus_caniceps,0.257,0.606685861,Callosciurus_caniceps,NA,NA
59,59,Calomyscus_bailwardi,0.0204,0.621289735,2,Rodentia,Muridae,3,1,1,Calomyscus,NA,NA,NA,Calomyscus_bailwardi,NA,NA
60,60,Caluromys_derbianus,0.297,0.692171646,3,Didelphimorphia,Didelphidae,2,2,1,Caluromys,NA,NA,NA,Caluromys_derbianus,NA,NA
61,61,Camelus_bactrianus,690,0.927505879,2,Artiodactyla,Camelidae,3,3,3,Camelus,Camelus_bactrianus,690,0.84151782,Camelus_bactrianus,NA,NA
62,62,Camelus_dromedarius,601,0.93835264,2,Artiodactyla,Camelidae,3,3,3,Camelus,Camelus_dromedarius,402,0.919634772,Camelus dromedarius,525,31.5439
63,63,Canis_aureus,10.3452,0.855337846,1,Carnivora,Canidae,4,3,2,Canis,Canis_aureus,10.9999,0.824982872,Canis aureus,9.200117039,54.95969636
64,64,Canis_latrans,13.4063,0.858009679,1,Carnivora,Canidae,4,3,2,Canis,Canis_latrans,13.4063,0.848316284,Canis latrans,14.20049368,63.79065489
65,65,Canis_lupus,32.183,0.824005186,1,Carnivora,Canidae,4,3,2,Canis,Canis_lupus,16.8,0.844350088,Canis lupus,37.65,63.02948
66,66,Canis_mesomelas,8.5,0.867395133,1,Carnivora,Canidae,4,3,2,Canis,Canis_mesomelas,8.5,0.808147072,Canis_mesomelas,NA,NA
67,67,Canis_rufus,22.9832,0.865097243,1,Carnivora,Canidae,4,3,2,Canis,Canis_rufus,22.9832,0.852341338,Canis_rufus,NA,NA
68,68,Canis_simensis,10,0.855376183,1,Carnivora,Canidae,4,3,2,Canis,Canis_simensis,10,0.85596262,Canis_simensis,NA,NA
69,69,Capra_caucasica,55,0.876197952,2,Artiodactyla,Bovidae,5,3,3,Capra,Capra_caucasica,55,0.900655095,Capra_caucasica,NA,NA
70,70,Capra_falconeri,41,0.901651453,2,Artiodactyla,Bovidae,5,3,3,Capra,Capra_falconeri,41,0.887533985,Capra_falconeri,NA,NA
71,71,Capreolus_capreolus,22.5,0.816498559,2,Artiodactyla,Cervidae,4,3,3,Capreolus,Capreolus_capreolus,22.5,0.855540832,Capreolus capreolus,50,59.15838
72,72,Capromys_pilorides,5.65,0.685752474,3,Rodentia,Capromyidae,1,3,1,Capromys,Capromys_pilorides,5.65,0.84250027,Capromys_pilorides,NA,NA
73,73,Caracal_caracal,13.7499,0.807630744,1,Carnivora,Felidae,4,3,2,Caracal,Caracal_caracal,13.7499,0.80483632,Caracal caracal,6.6,80
74,74,Catopuma_temminckii,11.5,0.809192418,1,Carnivora,Felidae,1,3,2,Catopuma,Catopuma_temminckii,11.5,0.796327397,Catopuma_temminckii,NA,NA
75,75,Cavia_aperea,0.549,0.621194748,2,Rodentia,Caviidae,4,1,1,Cavia,NA,NA,NA,Cavia_aperea,NA,NA
76,76,Cebus_capucinus,2.7333,0.821063238,3,Primates,Cebidae,2,2,1,Cebus,Cebus_capucinus,2.7333,0.721194772,Cebus_capucinus,NA,NA
77,77,Cephalophus_adersi,9.25,0.870232747,2,Artiodactyla,Bovidae,1,3,3,Cephalophus,Cephalophus_adersi,9.25,0.86026837,Cephalophus_adersi,NA,NA
78,78,Cephalophus_monticola,6.25,0.825634586,2,Artiodactyla,Bovidae,1,3,3,Cephalophus,NA,NA,NA,Cephalophus_monticola,NA,NA
79,79,Ceratotherium_simum,2949.9863,0.821568289,2,Perissodactyla,Rhinocerotidae,4,3,3,Ceratotherium,Ceratotherium_simum,2949.9863,0.880931942,Ceratotherium simum,2500,24.67916
80,80,Cercartetus_concinnus,0.013,0.609832226,2,Diprotodontia,Burramyidae,2,2,1,Cercartetus,Cercartetus_concinnus,0.013,0.881710149,Cercartetus_concinnus,NA,NA
81,81,Cercocebus_galeritus,7.835,0.840757696,2,Primates,Cercopithecidae,2,2,1,Cercocebus,Cercocebus_galeritus,7.835,0.873243539,Cercocebus_galeritus,NA,NA
82,82,Cercopithecus_petaurista,2.775,0.730284331,3,Primates,Cercopithecidae,2,2,1,Cercopithecus,Cercopithecus_petaurista,2.775,0.768694806,Cercopithecus_petaurista,NA,NA
83,83,Cervus_elaphus,165.01585,0.863812506,2,Artiodactyla,Cervidae,4,3,3,Cervus,Cervus_elaphus,156.25,0.87650381,Cervus elaphus,300,70.9848
84,84,Cervus_unicolor,177.508325,0.895088118,2,Artiodactyla,Cervidae,4,3,3,Cervus,Cervus_unicolor,211.62,0.899476742,Cervus_unicolor,NA,NA
85,85,Chaetodipus_baileyi,0.0263,0.551186503,3,Rodentia,Heteromyidae,3,1,1,Chaetodipus,NA,NA,NA,Chaetodipus baileyi,0.039101046,12.09200991
86,86,Chaetodipus_fallax,0.0187,0.557828501,2,Rodentia,Heteromyidae,3,1,1,Chaetodipus,NA,NA,NA,Chaetodipus fallax,0.01800057,12.45045852
87,87,Chaetomys_subspinosus,1.3,0.775818906,2,Rodentia,Echimyidae,2,2,1,Chaetomys,NA,NA,NA,Chaetomys_subspinosus,NA,NA
88,88,Chaetophractus_nationi,2.15,0.698600234,1,Xenarthra,Dasypodidae,5,1,1,Chaetophractus,NA,NA,NA,Chaetophractus_nationi,NA,NA
89,89,Cheirogaleus_major,0.45,0.630235203,3,Primates,Cheirogaleidae,2,2,1,Cheirogaleus,NA,NA,NA,Cheirogaleus_major,NA,NA
90,90,Chinchilla_brevicaudata,0.5,0.582610689,3,Rodentia,Chinchillidae,5,3,1,Chinchilla,NA,NA,NA,Chinchilla_brevicaudata,NA,NA
91,91,Chionomys_nivalis,0.054,0.636093576,2,Rodentia,Muridae,5,1,1,Chionomys,NA,NA,NA,Chionomys_nivalis,NA,NA
92,92,Chironectes_minimus,0.946,0.677724366,1,Didelphimorphia,Didelphidae,1,2,1,Chironectes,Chironectes_minimus,0.946,0.661264723,Chironectes_minimus,NA,NA
93,93,Chiropodomys_gliroides,0.0215,0.592669435,2,Rodentia,Muridae,2,2,1,Chiropodomys,NA,NA,NA,Chiropodomys_gliroides,NA,NA
94,94,Chiropotes_satanas,3,0.688921093,3,Primates,Cebidae,2,2,1,Chiropotes,Chiropotes_satanas,3,0.780052156,Chiropotes_satanas,NA,NA
95,95,Chlorocebus_aethiops,4.155,0.867514761,3,Primates,Cercopithecidae,2,2,1,Chlorocebus,Chlorocebus_aethiops,4.155,0.854719636,Chlorocebus_aethiops,NA,NA
96,96,Choloepus_didactylus,5.16,0.806193623,2,Xenarthra,Megalonychidae,2,2,1,Choloepus,NA,NA,NA,Choloepus_didactylus,NA,NA
97,97,Chrysocyon_brachyurus,23.2498,0.907769119,1,Carnivora,Canidae,4,3,2,Chrysocyon,Chrysocyon_brachyurus,23.2498,0.904339723,Chrysocyon_brachyurus,NA,NA
98,98,Clethrionomys_glareolus,0.0212,0.715923479,2,Rodentia,Muridae,1,2,1,Clethrionomys,NA,NA,NA,Clethrionomys_glareolus,NA,NA
99,99,Coendou_bicolor,4.05,0.731917795,2,Rodentia,Erethizontidae,2,2,1,Coendou,Coendou_bicolor,4.05,0.77533051,Coendou_bicolor,NA,NA
100,100,Colobus_guereza,10.2,0.735653639,3,Primates,Cercopithecidae,2,2,1,Colobus,Colobus_guereza,10.2,0.684858513,Colobus_guereza,NA,NA
101,101,Conepatus_leuconotus,3.5,0.817522139,1,Carnivora,Mustelidae,4,3,1,Conepatus,NA,NA,NA,Conepatus_leuconotus,NA,NA
102,102,Conepatus_semistriatus,1.2,0.804898499,1,Carnivora,Mustelidae,4,3,1,Conepatus,Conepatus_semistriatus,1.2,0.826877031,Conepatus_semistriatus,NA,NA
103,103,Connochaetes_gnou,179.999,0.872353903,2,Artiodactyla,Bovidae,4,3,3,Connochaetes,Connochaetes_gnou,179.999,0.91706142,Connochaetes_gnou,NA,NA
104,104,Connochaetes_taurinus,179.999,0.884817056,2,Artiodactyla,Bovidae,4,3,3,Connochaetes,Connochaetes_taurinus,179.999,0.914753842,Connochaetes_taurinus,NA,NA
105,105,Cricetomys_emini,1.3,0.660325561,2,Rodentia,Muridae,4,1,1,Cricetomys,Cricetomys_emini,1.3,0.598430531,Cricetomys_emini,NA,NA
106,106,Cricetus_cricetus,0.51,0.665881427,2,Rodentia,Muridae,4,1,1,Cricetus,NA,NA,NA,Cricetus_cricetus,NA,NA
107,107,Crocidura_cyanea,0.0091,0.561215815,1,Insectivora,Soricidae,1,1,1,Crocidura,NA,NA,NA,Crocidura_cyanea,NA,NA
108,108,Crocidura_russula,0.0082,0.53440288,1,Insectivora,Soricidae,1,1,1,Crocidura,NA,NA,NA,Crocidura_russula,NA,NA
109,109,Crocuta_crocuta,62.9999,0.847000272,1,Carnivora,Hyaenidae,4,3,2,Crocuta,Crocuta_crocuta,62.9999,0.863034957,Crocuta crocuta,58.5,63.9964
110,110,Crossarchus_obscurus,1.25,0.686457264,1,Carnivora,Herpestidae,4,3,1,Crossarchus,Crossarchus_obscurus,1.25,0.668837949,Crossarchus_obscurus,NA,NA
111,111,Cryptoprocta_ferox,9.5,0.824626072,1,Carnivora,Viverridae,2,2,2,Cryptoprocta,Cryptoprocta_ferox,9.5,0.714155148,Cryptoprocta_ferox,NA,NA
112,112,Ctenodactylus_gundi,0.289,0.555437987,2,Rodentia,Ctenodactylidae,3,3,1,Ctenodactylus,NA,NA,NA,Ctenodactylus_gundi,NA,NA
113,113,Cyclopes_didactylus,0.3295,0.812770551,3,Xenarthra,Myrmecophagidae,2,2,1,Cyclopes,NA,NA,NA,Cyclopes_didactylus,NA,NA
114,114,Cynictis_penicillata,0.836,0.733390404,1,Carnivora,Herpestidae,4,3,2,Cynictis,Cynictis_penicillata,0.836,0.628375033,Cynictis_penicillata,NA,NA
115,115,Cynomys_gunnisoni,0.925,0.617874291,2,Rodentia,Sciuridae,5,1,1,Cynomys,NA,NA,NA,Cynomys_gunnisoni,NA,NA
116,116,Dactylopsila_trivirgata,0.41355,0.671438168,1,Diprotodontia,Petauridae,2,2,1,Dactylopsila,NA,NA,NA,Dactylopsila_trivirgata,NA,NA
117,117,Dama_dama,56.25,0.85922453,2,Artiodactyla,Cervidae,4,3,3,Dama,Dama_dama,56.25,0.881407729,Dama dama,67.5,64.19854
118,118,Damaliscus_lunatus,136.0003,0.876405786,2,Artiodactyla,Bovidae,4,3,3,Damaliscus,Damaliscus_lunatus,136.0003,0.920804541,Damaliscus lunatus,130,69.12242
119,119,Dasycercus_byrnei,0.1038,0.516575268,2,Dasyuromorphia,Dasyuridae,3,2,1,Dasycercus,NA,NA,NA,Dasycercus_byrnei,NA,NA
120,120,Dasyprocta_azarae,2.31,0.688514193,2,Rodentia,Dasyproctidae,1,3,1,Dasyprocta,Dasyprocta_azarae,2.31,0.794442466,Dasyprocta_azarae,NA,NA
121,121,Dasyprocta_mexicana,5,0.723546605,2,Rodentia,Dasyproctidae,1,1,1,Dasyprocta,Dasyprocta_mexicana,5,0.567630726,Dasyprocta_mexicana,NA,NA
122,122,Dasypus_kappleri,9.5,0.794105991,1,Xenarthra,Dasypodidae,1,1,1,Dasypus,NA,NA,NA,Dasypus_kappleri,NA,NA
123,123,Dasypus_sabanicola,1.15,0.731580275,1,Xenarthra,Dasypodidae,4,1,1,Dasypus,NA,NA,NA,Dasypus_sabanicola,NA,NA
124,124,Dasyurus_albopunctatus,0.637,0.725137819,1,Dasyuromorphia,Dasyuridae,1,2,1,Dasyurus,Dasyurus_albopunctatus,0.637,0.740940078,Dasyurus_albopunctatus,NA,NA
125,125,Dasyurus_geoffroii,1.1,0.679941528,1,Dasyuromorphia,Dasyuridae,1,2,1,Dasyurus,Dasyurus_geoffroii,1.1,0.637714543,Dasyurus_geoffroii,NA,NA
126,126,Dasyurus_maculatus,5.5,0.713106987,1,Dasyuromorphia,Dasyuridae,1,2,1,Dasyurus,Dasyurus_maculatus,5.5,0.705913701,Dasyurus_maculatus,NA,NA
127,127,Daubentonia_madagascariensis,2.5,0.774209236,3,Primates,Daubentoniidae,2,2,1,Daubentonia,NA,NA,NA,Daubentonia_madagascariensis,NA,NA
128,128,Dendrohyrax_arboreus,2.95,0.613171734,2,Hyracoidea,Procaviidae,2,2,1,Dendrohyrax,NA,NA,NA,Dendrohyrax_arboreus,NA,NA
129,129,Dendrolagus_bennettianus,10.95,0.548585633,2,Diprotodontia,Macropodidae,2,2,1,Dendrolagus,NA,NA,NA,Dendrolagus_bennettianus,NA,NA
130,130,Dendrolagus_matschiei,6.96,0.628825904,2,Diprotodontia,Macropodidae,2,2,1,Dendrolagus,Dendrolagus_matschiei,6.96,0.760483744,Dendrolagus_matschiei,NA,NA
131,131,Dendromus_mesomelas,0.0102,0.574422776,3,Rodentia,Muridae,2,2,1,Dendromus,NA,NA,NA,Dendromus_mesomelas,NA,NA
132,132,Desmana_moschata,0.383,0.54924181,1,Insectivora,Talpidae,1,3,1,Desmana,NA,NA,NA,Desmana_moschata,NA,NA
133,133,Diceros_bicornis,1180.5109,0.882036234,2,Perissodactyla,Rhinocerotidae,4,3,2,Diceros,Diceros_bicornis,1180.5109,0.921194416,Diceros bicornis,1300,44.4024
134,134,Didelphis_marsupialis,1.0912,0.632840416,3,Didelphimorphia,Didelphidae,2,2,1,Didelphis,Didelphis_marsupialis,1.0912,0.81724715,Didelphis marsupialis,4.999999996,7.400000005
135,135,Dinomys_branickii,12.5,0.674090817,2,Rodentia,Dinomyidae,1,3,1,Dinomys,Dinomys_branickii,12.5,0.716536095,Dinomys_branickii,NA,NA
136,136,Diplomesodon_pulchellum,0.011,0.548717881,1,Insectivora,Soricidae,3,3,1,Diplomesodon,NA,NA,NA,Diplomesodon_pulchellum,NA,NA
137,137,Dipodomys_deserti,0.1045,0.603371415,2,Rodentia,Heteromyidae,3,1,1,Dipodomys,Dipodomys_deserti,0.1045,0.54990864,Dipodomys deserti,0.097594403,14.62589746
138,138,Dipodomys_merriami,0.042,0.586923427,2,Rodentia,Heteromyidae,3,1,1,Dipodomys,NA,NA,NA,Dipodomys merriami,0.035,31.612264
139,139,Dipodomys_microps,0.0546,0.564353352,2,Rodentia,Heteromyidae,3,1,1,Dipodomys,NA,NA,NA,Dipodomys microps,0.056000515,20.6236244
140,140,Dipodomys_ordii,0.0604,0.552409321,2,Rodentia,Heteromyidae,3,1,1,Dipodomys,Dipodomys_ordii,0.0604,0.608837261,Dipodomys ordii,0.047798465,13.66161338
141,141,Dipus_sagitta,0.089,0.553200391,3,Rodentia,Dipodidae,3,3,1,Dipus,Dipus_sagitta,0.089,0.491811861,Dipus_sagitta,NA,NA
142,142,Dolichotis_patagonum,8,0.841667677,2,Rodentia,Caviidae,4,3,2,Dolichotis,Dolichotis_patagonum,8,0.857357437,Dolichotis_patagonum,NA,NA
143,143,Dolichotis_salinicola,1.6,0.706258219,2,Rodentia,Caviidae,4,3,2,Dolichotis,Dolichotis_salinicola,1.6,0.732884921,Dolichotis_salinicola,NA,NA
144,144,Dorcatragus_megalotis,10.2499,0.89462578,2,Artiodactyla,Bovidae,3,3,3,Dorcatragus,Dorcatragus_megalotis,10.2499,0.835609378,Dorcatragus_megalotis,NA,NA
145,145,Dorcopsis_hageni,5.5,0.690250252,2,Diprotodontia,Macropodidae,1,3,1,Dorcopsis,Dorcopsis_hageni,5.5,0.71942485,Dorcopsis_hageni,NA,NA
146,146,Dremomys_lokriah,0.227,0.624917791,2,Rodentia,Sciuridae,2,2,1,Dremomys,NA,NA,NA,Dremomys_lokriah,NA,NA
147,147,Dromiciops_gliroides,0.0223,0.69745743,1,Microbiotheria,Microbiotheriidae,2,2,1,Dromiciops,NA,NA,NA,Dromiciops_gliroides,NA,NA
148,148,Dryomys_nitedula,0.0336,0.581447829,3,Rodentia,Myoxidae,2,2,1,Dryomys,NA,NA,NA,Dryomys_nitedula,NA,NA
149,149,Echinops_telfairi,0.13275,0.691903075,1,Insectivora,Tenrecidae,1,2,1,Echinops,NA,NA,NA,Echinops_telfairi,NA,NA
150,150,Echinosorex_gymnura,0.957,0.678545138,1,Insectivora,Erinaceidae,1,3,1,Echinosorex,Echinosorex_gymnura,0.957,0.713261813,Echinosorex_gymnura,NA,NA
151,151,Echymipera_kalubu,0.78216667,0.615915444,2,Peramelemorphia,Peroryctidae,1,3,1,Echymipera,NA,NA,NA,Echymipera_kalubu,NA,NA
152,152,Eira_barbara,3.91,0.746189833,1,Carnivora,Mustelidae,2,2,1,Eira,Eira_barbara,3.91,0.733953513,Eira_barbara,NA,NA
153,153,Elephantulus_rupestris,0.0664,0.599926582,3,Macroscelidea,Macroscelididae,3,3,1,Elephantulus,Elephantulus_rupestris,0.0664,0.606384018,Elephantulus rupestris,0.06,23.6
154,154,Elephas_maximus,2915.04,0.976481511,2,Proboscidea,Elephantidae,4,3,2,Elephas,Elephas_maximus,2720,0.842110025,Elephas maximus,4000,25.6378
155,155,Eliomys_melanurus,0.1225,0.574334053,3,Rodentia,Myoxidae,2,2,1,Eliomys,NA,NA,NA,Eliomys_melanurus,NA,NA
156,156,Equus_burchellii,276,0.904759047,2,Perissodactyla,Equidae,4,3,3,Equus,Equus_burchellii,276,0.917083045,Equus_burchellii,NA,NA
157,157,Equus_caballus,250,0.907595817,2,Perissodactyla,Equidae,4,3,3,Equus,Equus_caballus,250,0.942010174,Equus caballus,375,69.02
158,158,Equus_hemionus,230,0.907356289,2,Perissodactyla,Equidae,4,3,3,Equus,NA,NA,NA,Equus hemionus,230,69.02
159,159,Equus_zebra,286.9987,0.892566307,2,Perissodactyla,Equidae,4,3,3,Equus,Equus_zebra,286.9987,0.935557478,Equus zebra,300,63.0905
160,160,Erethizon_dorsatum,7.0853,0.787902473,2,Rodentia,Erethizontidae,1,3,1,Erethizon,NA,NA,NA,Erethizon_dorsatum,NA,NA
161,161,Erinaceus_europaeus,0.771,0.605221445,1,Insectivora,Erinaceidae,4,3,1,Erinaceus,NA,NA,NA,Erinaceus_europaeus,NA,NA
162,162,Erythrocebus_patas,7.2699,0.896611718,3,Primates,Cercopithecidae,2,2,1,Erythrocebus,Erythrocebus_patas,7.2699,0.81390109,Erythrocebus_patas,NA,NA
163,163,Eulemur_fulvus,3.15,0.686175578,2,Primates,Lemuridae,2,2,1,Eulemur,NA,NA,NA,Eulemur_fulvus,NA,NA
164,164,Euphractus_sexcinctus,4.7829,0.752408458,3,Xenarthra,Dasypodidae,1,1,1,Euphractus,Euphractus_sexcinctus,4.7829,0.792854279,Euphractus_sexcinctus,NA,NA
165,165,Felis_margarita,2.525,0.71794341,1,Carnivora,Felidae,3,3,2,Felis,Felis_margarita,2.525,0.682782254,Felis_margarita,NA,NA
166,166,Felis_nigripes,1.3,0.707263704,1,Carnivora,Felidae,4,3,2,Felis,Felis_nigripes,1.3,0.725679843,Felis_nigripes,NA,NA
167,167,Felis_silvestris,5.1,0.770505121,1,Carnivora,Felidae,4,3,2,Felis,Felis_silvestris,4.65,0.739784951,Felis_silvestris,NA,NA
168,168,Fossa_fossana,1.5,0.768283184,1,Carnivora,Viverridae,1,3,2,Fossa,Fossa_fossana,1.5,0.782163031,Fossa_fossana,NA,NA
169,169,Funambulus_pennantii,0.2,0.628478697,3,Rodentia,Sciuridae,2,2,1,Funambulus,Funambulus_pennantii,0.2,0.564193132,Funambulus_pennantii,NA,NA
170,170,Galago_gallarum,0.25,0.526402096,3,Primates,Galagonidae,2,2,1,Galago,Galago_gallarum,0.25,0.409431353,Galago_gallarum,NA,NA
171,171,Galerella_flavescens,0.75,0.652340766,1,Carnivora,Herpestidae,4,3,2,Galerella,Galerella_flavescens,0.75,0.672802559,Galerella_flavescens,NA,NA
172,172,Galidia_elegans,0.8,0.634510081,1,Carnivora,Herpestidae,1,3,2,Galidia,Galidia_elegans,0.8,0.685894836,Galidia_elegans,NA,NA
173,173,Gazella_dama,72.9995,0.891440909,2,Artiodactyla,Bovidae,3,3,3,Gazella,Gazella_dama,72.9995,0.716464899,Gazella_dama,NA,NA
174,174,Gazella_granti,54.9997,0.894101125,2,Artiodactyla,Bovidae,4,3,3,Gazella,Gazella_granti,54.9997,0.906705182,Gazella granti,62.25,79.80786
175,175,Gazella_saudiya,16,0.878348121,2,Artiodactyla,Bovidae,3,3,3,Gazella,Gazella_saudiya,16,0.880325316,Gazella_saudiya,NA,NA
176,176,Gazella_subgutturosa,28.5,0.873020376,2,Artiodactyla,Bovidae,3,3,3,Gazella,Gazella_subgutturosa,28.5,0.892336259,Gazella subgutturosa,30,95.79554
177,177,Gazella_thomsonii,20.4998,0.874337684,2,Artiodactyla,Bovidae,4,3,3,Gazella,Gazella_thomsonii,20.4998,0.902958009,Gazella thomsonii,20.25,79.861968
178,178,Genetta_genetta,1.8,0.776165541,1,Carnivora,Viverridae,2,2,2,Genetta,Genetta_genetta,2,0.785020868,Genetta_genetta,NA,NA
179,179,Geocapromys_brownii,1.5,0.613671409,2,Rodentia,Capromyidae,1,3,1,Geocapromys,Geocapromys_brownii,1.5,0.828859143,Geocapromys_brownii,NA,NA
180,180,Geogale_aurita,0.00685,0.619605,1,Insectivora,Tenrecidae,1,3,1,Geogale,Geogale_aurita,0.0067,0.673329333,Geogale_aurita,NA,NA
181,181,Gerbillus_gerbillus,0.025,0.560151623,3,Rodentia,Muridae,3,1,1,Gerbillus,NA,NA,NA,Gerbillus_gerbillus,NA,NA
182,182,Giraffa_camelopardalis,899.9948,0.915322878,2,Artiodactyla,Giraffidae,4,3,3,Giraffa,Giraffa_camelopardalis,899.9948,0.955323308,Giraffa_camelopardalis,NA,NA
183,183,Gorilla_gorilla,124.251,0.887832775,2,Primates,Hominidae,1,3,1,Gorilla,Gorilla_gorilla,124.251,0.72419561,Gorilla gorilla,127,31.5376
184,184,Gracilinanus_agilis,0.022,0.626211724,3,Didelphimorphia,Didelphidae,2,2,1,Gracilinanus,NA,NA,NA,Gracilinanus_agilis,NA,NA
185,185,Graphiurus_ocularis,0.0688,0.656316137,3,Rodentia,Myoxidae,2,2,1,Graphiurus,NA,NA,NA,Graphiurus_ocularis,NA,NA
186,186,Gulo_gulo,17.01255,0.771300507,1,Carnivora,Mustelidae,5,3,1,Gulo,Gulo_gulo,19.5,0.778534807,Gulo_gulo,NA,NA
187,187,Gymnobelideus_leadbeateri,0.127,0.532529967,3,Diprotodontia,Petauridae,2,2,1,Gymnobelideus,NA,NA,NA,Gymnobelideus_leadbeateri,NA,NA
188,188,Hapalemur_griseus,1.4,0.509686994,2,Primates,Lemuridae,2,2,1,Hapalemur,NA,NA,NA,Hapalemur_griseus,NA,NA
189,189,Helarctos_malayanus,46.5,0.788029946,1,Carnivora,Ursidae,1,3,1,Helarctos,Helarctos_malayanus,46,0.823318478,Helarctos_malayanus,NA,NA
190,190,Hemibelideus_lemuroides,0.9525,0.442204762,2,Diprotodontia,Psuedocheiridae,2,2,1,Hemibelideus,NA,NA,NA,Hemibelideus_lemuroides,NA,NA
191,191,Hemicentetes_semispinosus,0.1359,0.727194884,1,Insectivora,Tenrecidae,1,3,1,Hemicentetes,NA,NA,NA,Hemicentetes_semispinosus,NA,NA
192,192,Hemiechinus_aethiopicus,0.188,0.64896868,1,Insectivora,Erinaceidae,3,3,2,Hemiechinus,NA,NA,NA,Hemiechinus_aethiopicus,NA,NA
193,193,Hemigalus_derbyanus,2.116875,0.746766034,1,Carnivora,Viverridae,2,2,2,Hemigalus,Hemigalus_derbyanus,1.5,0.757809587,Hemigalus_derbyanus,NA,NA
194,194,Herpailurus_yaguarondi,7.8749,0.802091021,1,Carnivora,Felidae,1,3,2,Herpailurus,Herpailurus_yaguarondi,8.9999,0.770044512,Herpailurus_yaguarondi,NA,NA
195,195,Herpestes_brachyurus,2,0.74531797,1,Carnivora,Herpestidae,1,3,2,Herpestes,Herpestes_brachyurus,2,0.819907684,Herpestes_brachyurus,NA,NA
196,196,Herpestes_edwardsii,1.3242,0.647237885,1,Carnivora,Herpestidae,1,3,2,Herpestes,Herpestes_edwardsii,1.3242,0.637971457,Herpestes_edwardsii,NA,NA
197,197,Herpestes_smithii,1.78195,0.676849242,1,Carnivora,Herpestidae,1,3,2,Herpestes,Herpestes_smithii,1.8614,0.737911306,Herpestes_smithii,NA,NA
198,198,Heterohyrax_brucei,2.625,0.598729486,2,Hyracoidea,Procaviidae,5,3,1,Heterohyrax,NA,NA,NA,Heterohyrax_brucei,NA,NA
199,199,Heteromys_desmarestianus,0.0725,0.588739768,2,Rodentia,Heteromyidae,1,1,1,Heteromys,NA,NA,NA,Heteromys_desmarestianus,NA,NA
200,200,Hexaprotodon_liberiensis,235.0012,0.81898317,2,Artiodactyla,Hippopotamidae,1,3,3,Hexaprotodon,Hexaprotodon_liberiensis,235.0012,0.872906347,Hexaprotodon_liberiensis,NA,NA
201,201,Hippopotamus_amphibius,1417.49,0.871329319,2,Artiodactyla,Hippopotamidae,4,3,3,Hippopotamus,Hippopotamus_amphibius,1417.49,0.894189013,Hippopotamus amphibius,3800,24.6788
202,202,Hippotragus_equinus,269.9977,0.905250059,2,Artiodactyla,Bovidae,4,3,3,Hippotragus,NA,NA,NA,Hippotragus equinus,238.25,55.2916
203,203,Hippotragus_niger,227.4993,0.921730551,2,Artiodactyla,Bovidae,4,3,3,Hippotragus,Hippotragus_niger,227.4993,0.807827443,Hippotragus_niger,NA,NA
204,204,Homo_sapiens,70,0.896259193,3,Primates,Homoinidae,4,3,1,Homo,Homo_sapiens,70,0.842551822,Homo sapiens,70,39.41264
205,205,Hoplomys_gymnurus,0.24,0.666586627,3,Rodentia,Echimyidae,1,3,1,Hoplomys,NA,NA,NA,Hoplomys_gymnurus,NA,NA
206,206,Hyaena_hyaena,41.7051,0.871534462,1,Carnivora,Hyaenidae,4,3,2,Hyaena,Hyaena_hyaena,46.0002,0.879873983,Hyaena hyaena,35.9,49.23574
207,207,Hydrochaeris_hydrochaeris,62.4496,0.830684715,2,Rodentia,Hydrochaeridae,4,1,2,Hydrochaeris,Hydrochaeris_hydrochaeris,62.4496,0.869345581,Hydrochaeris_hydrochaeris,NA,NA
208,208,Hydromys_chrysogaster,0.47975,0.703373986,1,Rodentia,Muridae,1,1,1,Hydromys,NA,NA,NA,Hydromys_chrysogaster,NA,NA
209,209,Hylobates_agilis,5.65,0.759475799,3,Primates,Hylobatidae,2,2,1,Hylobates,NA,NA,NA,Hylobates_agilis,NA,NA
210,210,Hylobates_leucogenys,7.32,0.625137426,3,Primates,Hylobatidae,2,2,1,Hylobates,NA,NA,NA,Hylobates_leucogenys,NA,NA
211,211,Hylomys_suillus,0.064,0.584311448,1,Insectivora,Erinaceidae,1,3,1,Hylomys,NA,NA,NA,Hylomys_suillus,NA,NA
212,212,Hypogeomys_antimena,1.25,0.659786634,3,Rodentia,Muridae,1,1,1,Hypogeomys,Hypogeomys_antimena,1.25,0.668680551,Hypogeomys_antimena,NA,NA
213,213,Hypsiprymnodon_moschatus,0.52,0.611534537,3,Diprotodontia,Potoroidae,1,3,1,Hypsiprymnodon,Hypsiprymnodon_moschatus,0.52,0.67089599,Hypsiprymnodon_moschatus,NA,NA
214,214,Hystrix_africaeaustralis,14.936,0.766079652,2,Rodentia,Hystricidae,4,1,1,Hystrix,NA,NA,NA,Hystrix_africaeaustralis,NA,NA
215,215,Indri_indri,8,0.512940473,2,Primates,Indridae,2,2,1,Indri,NA,NA,NA,Indri_indri,NA,NA
216,216,Isoodon_obesulus,0.775,0.61701481,3,Peramelemorphia,Peramelidae,1,1,1,Isoodon,NA,NA,NA,Isoodon obesulus,0.717979794,13.90528438
217,217,Jaculus_jaculus,0.0566,0.670715734,3,Rodentia,Dipodidae,3,3,1,Jaculus,Jaculus_jaculus,0.0566,0.664708099,Jaculus_jaculus,NA,NA
218,218,Kerodon_rupestris,0.8,0.592265524,2,Rodentia,Caviidae,3,3,1,Kerodon,Kerodon_rupestris,0.8,0.733970839,Kerodon_rupestris,NA,NA
219,219,Lagidium_viscacia,1.54,0.636585092,2,Rodentia,Chinchillidae,5,3,1,Lagidium,NA,NA,NA,Lagidium_viscacia,NA,NA
220,220,Lagorchestes_conspicillatus,3.05,0.715947417,2,Diprotodontia,Macropodidae,1,3,1,Lagorchestes,Lagorchestes_conspicillatus,3.05,0.751117478,Lagorchestes_conspicillatus,NA,NA
221,221,Lagostomus_maximus,4.6475,0.582049217,2,Rodentia,Chinchillidae,4,1,1,Lagostomus,NA,NA,NA,Lagostomus_maximus,NA,NA
222,222,Lagothrix_flavicauda,6.8,0.904691922,2,Primates,Cebidae,2,2,1,Lagothrix,Lagothrix_flavicauda,6.8,0.738301379,Lagothrix_flavicauda,NA,NA
223,223,Lama_guanicoe,120,0.934601159,2,Artiodactyla,Camelidae,4,3,3,Lama,Lama_guanicoe,120,0.934623512,Lama_guanicoe,NA,NA
224,224,Lariscus_insignis,0.2,0.550036671,2,Rodentia,Sciuridae,1,2,1,Lariscus,Lariscus_insignis,0.2,0.552209879,Lariscus_insignis,NA,NA
225,225,Lasiorhinus_krefftii,2.9,0.787350408,2,Diprotodontia,Vombatidae,4,1,1,Lasiorhinus,NA,NA,NA,Lasiorhinus_krefftii,NA,NA
226,226,Leggadina_forresti,0.02,0.528765366,1,Rodentia,Muridae,1,1,1,Leggadina,NA,NA,NA,Leggadina forresti,0.015499434,12.25418813
227,227,Lemmus_lemmus,0.0475,0.640334873,2,Rodentia,Muridae,5,1,1,Lemmus,NA,NA,NA,Lemmus_lemmus,NA,NA
228,228,Lemniscomys_barbarus,0.0262,0.686923491,2,Rodentia,Muridae,1,3,1,Lemniscomys,Lemniscomys_barbarus,0.0262,0.709245356,Lemniscomys_barbarus,NA,NA
229,229,Lemur_catta,2.9,0.806836137,2,Primates,Lemuridae,2,2,1,Lemur,Lemur_catta,2.9,0.768729312,Lemur_catta,NA,NA
230,230,Leontopithecus_rosalia,0.5355,0.590457437,3,Primates,Callitrichidae,2,2,1,Leontopithecus,NA,NA,NA,Leontopithecus_rosalia,NA,NA
231,231,Leopardus_pardalis,11.9001,0.807345934,1,Carnivora,Felidae,1,3,3,Leopardus,Leopardus_pardalis,11.9001,0.801326298,Leopardus pardalis,9.6,61
232,232,Leopoldamys_sabanus,0.3675,0.724148528,3,Rodentia,Muridae,1,2,1,Leopoldamys,Leopoldamys_sabanus,0.344,0.710209469,Leopoldamys_sabanus,NA,NA
233,233,Lepilemur_ruficaudatus,0.7,0.404090374,2,Primates,Megaladapidae,2,2,1,Lepilemur,NA,NA,NA,Lepilemur_ruficaudatus,NA,NA
234,234,Leporillus_conditor,0.35,0.648738149,2,Rodentia,Muridae,3,3,1,Leporillus,NA,NA,NA,Leporillus_conditor,NA,NA
235,235,Leptailurus_serval,12,0.82450025,1,Carnivora,Felidae,4,3,3,Leptailurus,Leptailurus_serval,12,0.879728648,Leptailurus_serval,NA,NA
236,236,Lepus_alleni,3.685,0.672037938,2,Lagomorpha,Leporidae,4,3,2,Lepus,Lepus_alleni,3.685,0.595680074,Lepus alleni,4.400159826,70.68941856
237,237,Lepus_americanus,1.71,0.621736034,2,Lagomorpha,Leporidae,4,3,2,Lepus,NA,NA,NA,Lepus americanus,1.500010063,49.03274917
238,238,Lepus_arcticus,4.405,0.733498415,2,Lagomorpha,Leporidae,4,3,2,Lepus,Lepus_arcticus,4.405,0.56420858,Lepus arcticus,4.600148888,62.82228817
239,239,Lepus_californicus,2.4225,0.611735689,2,Lagomorpha,Leporidae,4,3,2,Lepus,Lepus_californicus,2.4225,0.595050904,Lepus californicus,1.999953957,62.75508878
240,240,Lepus_europaeus,3.74,0.786143297,2,Lagomorpha,Leporidae,4,3,2,Lepus,Lepus_europaeus,3.74,0.691984109,Lepus_europaeus,NA,NA
241,241,Lepus_townsendii,1.555,0.661508381,2,Lagomorpha,Leporidae,4,3,2,Lepus,Lepus_townsendii,1.555,0.635613016,Lepus townsendii,3.500085847,54.96698309
242,242,Lestoros_inca,0.0211,0.74298249,1,Paucituberculata,Caenolestidae,1,3,1,Lestoros,NA,NA,NA,Lestoros_inca,NA,NA
243,243,Limnogale_mergulus,0.0786,0.535176072,1,Insectivora,Tenrecidae,1,3,1,Limnogale,NA,NA,NA,Limnogale_mergulus,NA,NA
244,244,Liomys_pictus,0.04,0.547137552,2,Rodentia,Heteromyidae,1,1,1,Liomys,NA,NA,NA,Liomys_pictus,NA,NA
245,245,Lophocebus_albigena,7.6901,0.821474322,2,Primates,Cercopithecidae,2,2,1,Lophocebus,Lophocebus_albigena,7.6901,0.877290274,Lophocebus_albigena,NA,NA
246,246,Loris_tardigradus,0.22765,0.650290313,1,Primates,Loridae,2,2,1,Loris,Loris_tardigradus,0.216,0.839867287,Loris_tardigradus,NA,NA
247,247,Loxodonta_africana,3940.0343,0.982282586,2,Proboscidea,Elephantidae,4,3,2,Loxodonta,Loxodonta_africana,3940.0343,0.91599413,Loxodonta africana,6000,34.51
248,248,Lutreolina_crassicaudata,0.5373,0.699895097,1,Didelphimorphia,Didelphidae,2,2,1,Lutreolina,Lutreolina_crassicaudata,0.5373,0.66085626,Lutreolina_crassicaudata,NA,NA
249,249,Lycaon_pictus,22.0501,0.868102317,1,Carnivora,Canidae,4,3,2,Lycaon,Lycaon_pictus,22.0501,0.877077201,Lycaon pictus,19.99953957,68.6992775
250,250,Lynx_canadensis,9.3732,0.805688477,1,Carnivora,Felidae,4,3,2,Lynx,Lynx_canadensis,9.3732,0.812382943,Lynx_canadensis,NA,NA
251,251,Macaca_assamensis,12,0.839346354,2,Primates,Cercopithecidae,2,2,1,Macaca,Macaca_assamensis,12,0.827809792,Macaca_assamensis,NA,NA
252,252,Macaca_fascicularis,3.9915,0.839462281,2,Primates,Cercopithecidae,2,2,1,Macaca,Macaca_fascicularis,3.233,0.801861317,Macaca_fascicularis,NA,NA
253,253,Macropus_agilis,15,0.676907743,2,Diprotodontia,Macropodidae,4,3,1,Macropus,Macropus_agilis,15,0.68349722,Macropus_agilis,NA,NA
254,254,Macropus_antilopinus,27.25,0.674792201,2,Diprotodontia,Macropodidae,3,3,1,Macropus,Macropus_antilopinus,27.25,0.626206944,Macropus_antilopinus,NA,NA
255,255,Macropus_eugenii,6.5,0.674965104,2,Diprotodontia,Macropodidae,1,3,1,Macropus,Macropus_eugenii,6.5,0.755944027,Macropus eugenii,4.000184255,38.87752875
256,256,Macropus_irma,8,0.683994229,2,Diprotodontia,Macropodidae,1,3,1,Macropus,Macropus_irma,8,0.649077217,Macropus_irma,NA,NA
257,257,Macroscelides_proboscideus,0.0382,0.679973033,1,Macroscelidea,Macroscelididae,3,3,1,Macroscelides,NA,NA,NA,Macroscelides_proboscideus,NA,NA
258,258,Macrotis_lagotis,1.35,0.701889283,2,Peramelemorphia,Peramelidae,3,1,1,Macrotis,Macrotis_lagotis,1.35,0.587772638,Macrotis_lagotis,NA,NA
259,259,Madoqua_kirkii,5.3001,0.754987461,2,Artiodactyla,Bovidae,4,3,3,Madoqua,Madoqua_kirkii,5.3001,0.834792607,Madoqua_kirkii,NA,NA
260,260,Madoqua_piacentinii,2.5,0.76190956,2,Artiodactyla,Bovidae,4,3,3,Madoqua,Madoqua_piacentinii,2.5,0.735938547,Madoqua_piacentinii,NA,NA
261,261,Madoqua_saltiana,3.25,0.781527852,2,Artiodactyla,Bovidae,4,3,3,Madoqua,Madoqua_saltiana,3.25,0.765808403,Madoqua_saltiana,NA,NA
262,262,Mandrillus_leucophaeus,15,0.89388314,3,Primates,Cercopithecidae,1,3,1,Mandrillus,Mandrillus_leucophaeus,15,0.858194068,Mandrillus_leucophaeus,NA,NA
263,263,Marmosa_lepida,0.014,0.69822547,1,Didelphimorphia,Didelphidae,2,2,1,Marmosa,Marmosa_lepida,0.014,0.746329379,Marmosa_lepida,NA,NA
264,264,Marmosops_parvidens,0.015,0.643729154,1,Didelphimorphia,Didelphidae,2,2,1,Marmosops,NA,NA,NA,Marmosops_parvidens,NA,NA
265,265,Marmota_monax,3.8017,0.644851942,2,Rodentia,Sciuridae,4,1,2,Marmota,NA,NA,NA,Marmota monax,4.000122837,15.70149749
266,266,Martes_flavigula,1.8425,0.773121471,1,Carnivora,Mustelidae,2,2,2,Martes,Martes_flavigula,2.5,0.820519735,Martes_flavigula,NA,NA
267,267,Mastomys_hildebrandtii,0.0621,0.642774783,3,Rodentia,Muridae,1,1,1,Mastomys,NA,NA,NA,Mastomys_hildebrandtii,NA,NA
268,268,Maxomys_rajah,0.15325,0.652740116,3,Rodentia,Muridae,1,1,1,Maxomys,Maxomys_rajah,0.15,0.805296519,Maxomys_rajah,NA,NA
269,269,Mazama_americana,22.7997,0.873099523,2,Artiodactyla,Cervidae,1,3,3,Mazama,Mazama_americana,22.7997,0.876005358,Mazama_americana,NA,NA
270,270,Melanomys_caliginosus,0.041,0.604694137,3,Rodentia,Muridae,1,1,1,Melanomys,NA,NA,NA,Melanomys_caliginosus,NA,NA
271,271,Meles_meles,13,0.715022884,1,Carnivora,Mustelidae,1,1,2,Meles,Meles_meles,13,0.615596393,Meles meles,11.40037405,29.44878871
272,272,Mellivora_capensis,8.5,0.781600765,1,Carnivora,Mustelidae,4,1,2,Mellivora,Mellivora_capensis,8,0.790647685,Mellivora_capensis,NA,NA
273,273,Melogale_orientalis,2,0.611878873,1,Carnivora,Mustelidae,1,1,2,Melogale,Melogale_orientalis,2,0.554202311,Melogale_orientalis,NA,NA
274,274,Melomys_burtoni,0.0685,0.568291076,2,Rodentia,Muridae,4,3,1,Melomys,NA,NA,NA,Melomys_burtoni,NA,NA
275,275,Melomys_cervinipes,0.078,0.623320354,2,Rodentia,Muridae,1,3,1,Melomys,NA,NA,NA,Melomys_cervinipes,NA,NA
276,276,Melursus_ursinus,93.13,0.823336218,1,Carnivora,Ursidae,4,3,1,Melursus,Melursus_ursinus,100,0.842429795,Melursus_ursinus,NA,NA
277,277,Mephitis_mephitis,2.085,0.738564622,1,Carnivora,Mustelidae,1,3,2,Mephitis,Mephitis_mephitis,2.085,0.801942105,Mephitis mephitis,2.666589901,15.70113749
278,278,Meriones_crassus,0.0699,0.657221732,3,Rodentia,Muridae,3,1,1,Meriones,NA,NA,NA,Meriones_crassus,NA,NA
279,279,Mesembriomys_gouldii,0.7165,0.647987826,3,Rodentia,Muridae,1,2,1,Mesembriomys,Mesembriomys_gouldii,0.7165,0.605814339,Mesembriomys_gouldii,NA,NA
280,280,Mesocricetus_brandti,0.198,0.585338031,3,Rodentia,Muridae,5,1,1,Mesocricetus,NA,NA,NA,Mesocricetus brandti,0.110000618,8.833512584
281,281,Metachirus_nudicaudatus,0.375,0.635044649,3,Didelphimorphia,Didelphidae,1,2,1,Metachirus,Metachirus_nudicaudatus,0.375,0.734314206,Metachirus_nudicaudatus,NA,NA
282,282,Microcebus_murinus,0.069,0.632472143,3,Primates,Cheirogaleidae,2,2,1,Microcebus,NA,NA,NA,Microcebus_murinus,NA,NA
283,283,Microdipodops_megacephalus,0.0105,0.580285282,2,Rodentia,Heteromyidae,3,1,1,Microdipodops,NA,NA,NA,Microdipodops megacephalus,0.012299928,10.59941822
284,284,Microgale_cowani,0.0138,0.670537289,1,Insectivora,Tenrecidae,1,3,1,Microgale,NA,NA,NA,Microgale_cowani,NA,NA
285,285,Micromys_minutus,0.006,0.597374675,3,Rodentia,Muridae,4,2,1,Micromys,Micromys_minutus,0.006,0.664186148,Micromys_minutus,NA,NA
286,286,Microsciurus_alfari,0.0875,0.586063551,2,Rodentia,Sciuridae,2,2,1,Microsciurus,Microsciurus_alfari,0.0875,0.467788678,Microsciurus_alfari,NA,NA
287,287,Microtus_agrestis,0.0425,0.640109691,2,Rodentia,Muridae,1,1,1,Microtus,NA,NA,NA,Microtus_agrestis,NA,NA
288,288,Microtus_pennsylvanicus,0.0368,0.511585967,2,Rodentia,Muridae,4,1,1,Microtus,NA,NA,NA,Microtus pennsylvanicus,0.050001151,10.78411515
289,289,Microtus_pinetorum,0.0263,0.604051052,2,Rodentia,Muridae,1,1,1,Microtus,NA,NA,NA,Microtus_pinetorum,NA,NA
290,290,Monodelphis_adusta,0.035,0.5708765,3,Didelphimorphia,Didelphidae,2,2,1,Monodelphis,NA,NA,NA,Monodelphis_adusta,NA,NA
291,291,Monodelphis_brevicaudata,0.0696,0.696854879,3,Didelphimorphia,Didelphidae,2,2,1,Monodelphis,Monodelphis_brevicaudata,0.0696,0.902143991,Monodelphis brevicaudata,0.074503751,11.36814056
292,292,Moschiola_meminna,2.93815,0.751888752,2,Artiodactyla,Tragulidae,1,3,3,Moschiola,Moschiola_meminna,2.45,0.776882007,Moschiola_meminna,NA,NA
293,293,Moschus_chrysogaster,14.5,0.776861671,2,Artiodactyla,Moschidae,5,3,3,Moschus,Moschus_chrysogaster,14.5,0.803185064,Moschus_chrysogaster,NA,NA
294,294,Muntiacus_muntjak,14,0.857549106,2,Artiodactyla,Cervidae,1,3,3,Muntiacus,Muntiacus_muntjak,14,0.859927102,Muntiacus_muntjak,NA,NA
295,295,Mus_musculus,0.0176667,0.585453205,3,Rodentia,Muridae,4,1,1,Mus,Mus_musculus,0.0215,0.619775133,Mus musculus,0.015999755,12.75869
296,296,Mustela_eversmannii,1.35,0.664076653,1,Carnivora,Mustelidae,4,1,1,Mustela,Mustela_eversmannii,1.35,0.683459606,Mustela_eversmannii,NA,NA
297,297,Mustela_nivalis,0.1039,0.544114672,1,Carnivora,Mustelidae,1,1,1,Mustela,Mustela_nivalis,0.1875,0.566906234,Mustela_nivalis,NA,NA
298,298,Myoprocta_acouchy,0.6,0.623650994,2,Rodentia,Dasyproctidae,1,1,2,Myoprocta,Myoprocta_acouchy,0.6,0.632740999,Myoprocta_acouchy,NA,NA
299,299,Myrmecobius_fasciatus,0.4715,0.709695223,2,Dasyuromorphia,Myrmecobiidae,1,1,2,Myrmecobius,Myrmecobius_fasciatus,0.4715,0.731995726,Myrmecobius fasciatus,0.479977212,13.54286802
300,300,Myrmecophaga_tridactyla,22.3332,0.823993459,1,Xenarthra,Myrmecophagidae,1,3,2,Myrmecophaga,NA,NA,NA,Myrmecophaga_tridactyla,NA,NA
301,301,Nandinia_binotata,2,0.774934655,1,Carnivora,Viverridae,1,2,2,Nandinia,Nandinia_binotata,2,0.841653645,Nandinia_binotata,NA,NA
302,302,Napaeozapus_insignis,0.0223,0.536494978,1,Rodentia,Dipodidae,1,3,1,Napaeozapus,NA,NA,NA,Napaeozapus_insignis,NA,NA
303,303,Nasalis_larvatus,9,0.768780653,3,Primates,Cercopithecidae,2,2,1,Nasalis,Nasalis_larvatus,9,0.732153489,Nasalis_larvatus,NA,NA
304,304,Nasua_narica,4.03,0.7988182,1,Carnivora,Procyonidae,2,2,2,Nasua,Nasua_narica,4.03,0.791659502,Nasua narica,4.600159826,26.49539514
305,305,Nasuella_olivacea,1.34,0.784583785,1,Carnivora,Procyonidae,2,2,1,Nasuella,Nasuella_olivacea,1.34,0.816077039,Nasuella_olivacea,NA,NA
306,306,Neacomys_spinosus,0.019,0.608311697,3,Rodentia,Muridae,1,3,1,Neacomys,NA,NA,NA,Neacomys_spinosus,NA,NA
307,307,Neofelis_nebulosa,19.67575,0.795133666,1,Carnivora,Felidae,2,3,2,Neofelis,Neofelis_nebulosa,19.5,0.788425954,Neofelis_nebulosa,NA,NA
308,308,Neomys_anomalus,0.016,0.629200267,1,Insectivora,Soricidae,1,3,1,Neomys,NA,NA,NA,Neomys_anomalus,NA,NA
309,309,Neotoma_albigula,0.206,0.661276433,2,Rodentia,Muridae,1,1,1,Neotoma,Neotoma_albigula,0.206,0.614417686,Neotoma_albigula,NA,NA
310,310,Neotoma_lepida,0.1637,0.557321906,2,Rodentia,Muridae,1,3,1,Neotoma,NA,NA,NA,Neotoma lepida,0.110605714,16.62192001
311,311,Neotragus_batesi,3,0.792271305,2,Artiodactyla,Bovidae,1,3,3,Neotragus,NA,NA,NA,Neotragus_batesi,NA,NA
312,312,Neotragus_pygmaeus,4,0.751394709,2,Artiodactyla,Bovidae,1,3,3,Neotragus,NA,NA,NA,Neotragus_pygmaeus,NA,NA
313,313,Nesomys_rufus,0.1625,0.520823229,1,Rodentia,Muridae,1,2,1,Nesomys,NA,NA,NA,Nesomys_rufus,NA,NA
314,314,Ningaui_ridei,0.0085,0.675124234,1,Dasyuromorphia,Dasyuridae,3,1,1,Ningaui,Ningaui_ridei,0.0085,0.752177027,Ningaui_ridei,NA,NA
315,315,Notomys_alexis,0.035,0.545070629,3,Rodentia,Muridae,3,2,1,Notomys,Notomys_alexis,0.035,0.609659156,Notomys alexis,0.024500957,12.73469141
316,316,Notomys_cervinus,0.035,0.583775128,3,Rodentia,Muridae,3,1,1,Notomys,NA,NA,NA,Notomys_cervinus,NA,NA
317,317,Nycticebus_coucang,0.8035,0.690175579,3,Primates,Loridae,2,2,1,Nycticebus,Nycticebus_coucang,1.187,0.854361036,Nycticebus_coucang,NA,NA
318,318,Ochotona_alpina,0.15,0.560331953,2,Lagomorpha,Ochotonidae,5,3,1,Ochotona,NA,NA,NA,Ochotona_alpina,NA,NA
319,319,Ochotona_roylei,0.26,0.555468354,2,Lagomorpha,Ochotonidae,3,3,1,Ochotona,NA,NA,NA,Ochotona_roylei,NA,NA
320,320,Octodon_degus,0.21,0.612856189,2,Rodentia,Octodontidae,1,1,1,Octodon,NA,NA,NA,Octodon_degus,NA,NA
321,321,Odocoileus_hemionus,54.2126,0.857502265,2,Artiodactyla,Cervidae,4,3,3,Odocoileus,Odocoileus_hemionus,54.2126,0.882356035,Odocoileus hemionus,97,60.19874
322,322,Odocoileus_virginianus,55.5086,0.870382527,2,Artiodactyla,Cervidae,4,3,3,Odocoileus,Odocoileus_virginianus,55.5086,0.867871523,Odocoileus virginianus,78.5,63.06674
323,323,Oecomys_bicolor,0.034,0.569501921,3,Rodentia,Muridae,2,2,1,Oecomys,NA,NA,NA,Oecomys_bicolor,NA,NA
324,324,Oenomys_hypoxanthus,0.09,0.628620712,2,Rodentia,Muridae,4,2,1,Oenomys,NA,NA,NA,Oenomys_hypoxanthus,NA,NA
325,325,Okapia_johnstoni,230.0011,0.929321522,2,Artiodactyla,Giraffidae,1,3,3,Okapia,Okapia_johnstoni,230.0011,0.954557887,Okapia_johnstoni,NA,NA
326,326,Oligoryzomys_nigripes,0.0205,0.592105954,3,Rodentia,Muridae,4,3,1,Oligoryzomys,Oligoryzomys_nigripes,0.0205,0.536073863,Oligoryzomys_nigripes,NA,NA
327,327,Oncifelis_geoffroyi,3.59,0.840709611,1,Carnivora,Felidae,2,3,2,Oncifelis,Oncifelis_geoffroyi,3.59,0.794551433,Oncifelis_geoffroyi,NA,NA
328,328,Onychogalea_fraenata,5.5,0.702032482,2,Diprotodontia,Macropodidae,3,3,1,Onychogalea,Onychogalea_fraenata,5.5,0.660763412,Onychogalea_fraenata,NA,NA
329,329,Onychomys_torridus,0.025,0.568340919,2,Rodentia,Muridae,3,1,1,Onychomys,NA,NA,NA,Onychomys torridus,0.019300949,10.05573751
330,330,Oreamnos_americanus,72.5003,0.873732642,2,Artiodactyla,Bovidae,5,3,3,Oreamnos,Oreamnos_americanus,72.5003,0.855733488,Oreamnos americanus,111.75,32.5272
331,331,Orycteropus_afer,52.3504,0.807572651,1,Tubulidentata,Orycteropodidae,1,1,2,Orycteropus,Orycteropus_afer,52.3504,0.783792267,Orycteropus_afer,NA,NA
332,332,Oryctolagus_cuniculus,1.8267,0.693949484,2,Lagomorpha,Leporidae,4,3,2,Oryctolagus,Oryctolagus_cuniculus,2.15,0.728394589,Oryctolagus cuniculus,1.900067668,54.95657636
333,333,Oryzomys_alfaroi,0.0333,0.635513153,3,Rodentia,Muridae,4,2,1,Oryzomys,Oryzomys_alfaroi,0.0333,0.601277382,Oryzomys_alfaroi,NA,NA
334,334,Otolemur_crassicaudatus,1.5,0.698316753,3,Primates,Galagonidae,2,2,1,Otolemur,Otolemur_crassicaudatus,1.5,0.671545711,Otolemur_crassicaudatus,NA,NA
335,335,Otomys_irroratus,0.1018,0.601041165,2,Rodentia,Muridae,1,1,1,Otomys,NA,NA,NA,Otomys_irroratus,NA,NA
336,336,Ototylomys_phyllotis,0.12,0.570021263,2,Rodentia,Muridae,2,2,1,Ototylomys,NA,NA,NA,Ototylomys_phyllotis,NA,NA
337,337,Ovibos_moschatus,340.50105,0.838281949,2,Artiodactyla,Bovidae,5,3,3,Ovibos,Ovibos_moschatus,312.5,0.911725126,Ovibos_moschatus,NA,NA
338,338,Ovis_ammon,180,0.842523474,2,Artiodactyla,Bovidae,5,3,3,Ovis,Ovis_ammon,180,0.878157243,Ovis ammon,65,59.16
339,339,Ovis_canadensis,74.6449,0.892425761,2,Artiodactyla,Bovidae,5,3,3,Ovis,Ovis_canadensis,74.6449,0.930623024,Ovis_canadensis,NA,NA
340,340,Oxymycterus_rufus,0.0754,0.574877117,1,Rodentia,Muridae,4,3,1,Oxymycterus,NA,NA,NA,Oxymycterus_rufus,NA,NA
341,341,Pachyuromys_duprasi,0.0475,0.550294735,2,Rodentia,Muridae,3,2,1,Pachyuromys,NA,NA,NA,Pachyuromys_duprasi,NA,NA
342,342,Paguma_larvata,4.3,0.821188567,1,Carnivora,Viverridae,2,2,2,Paguma,Paguma_larvata,4.3,0.818498842,Paguma_larvata,NA,NA
343,343,Pan_paniscus,34.0001,0.822970783,3,Primates,Hominidae,2,2,1,Pan,Pan_paniscus,34.0001,0.811029506,Pan_paniscus,NA,NA
344,344,Pan_troglodytes,44.9997,0.823738891,3,Primates,Hominidae,2,2,1,Pan,Pan_troglodytes,44.9997,0.899513195,Pan_troglodytes,NA,NA
345,345,Panthera_leo,161.4991,0.834745066,1,Carnivora,Felidae,4,3,2,Panthera,Panthera_leo,161.4991,0.845441017,Panthera leo,152.9,58.1767
346,346,Panthera_onca,100,0.800831915,1,Carnivora,Felidae,1,3,2,Panthera,Panthera_onca,100,0.840276567,Panthera onca,44,80
347,347,Panthera_pardus,52.038,0.793798801,1,Carnivora,Felidae,4,3,2,Panthera,Panthera_pardus,54.9997,0.822614588,Panthera pardus,56.2,59.16162
348,348,Panthera_tigris,162.564,0.831660694,1,Carnivora,Felidae,1,3,2,Panthera,Panthera_tigris,162.564,0.849431723,Panthera tigris,195.5,55.216
349,349,Papio_hamadryas,21.2501,0.876327557,2,Primates,Cercopithecidae,5,3,1,Papio,Papio_hamadryas,21.2501,0.849332452,Papio_hamadryas,NA,NA
350,350,Paradoxurus_hermaphroditus,3.156675,0.750782924,1,Carnivora,Viverridae,2,2,2,Paradoxurus,Paradoxurus_hermaphroditus,3.2,0.750756619,Paradoxurus_hermaphroditus,NA,NA
351,351,Parahyaena_brunnea,32.2003,0.864950253,1,Carnivora,Hyaenidae,3,3,2,Parahyaena,Parahyaena_brunnea,32.2003,0.867477355,Parahyaena_brunnea,NA,NA
352,352,Parantechinus_apicalis,0.0688,0.591604953,1,Dasyuromorphia,Dasyuridae,1,2,1,Parantechinus,NA,NA,NA,Parantechinus_apicalis,NA,NA
353,353,Paraxerus_ochraceus,0.1043,0.575653767,3,Rodentia,Sciuridae,4,2,1,Paraxerus,Paraxerus_ochraceus,0.1043,0.421724898,Paraxerus_ochraceus,NA,NA
354,354,Parotomys_brantsii,0.1295,0.658316195,2,Rodentia,Muridae,4,1,1,Parotomys,NA,NA,NA,Parotomys_brantsii,NA,NA
355,355,Pedetes_capensis,3.155,0.666769391,2,Rodentia,Pedetidae,4,3,1,Pedetes,Pedetes_capensis,3.155,0.596324602,Pedetes_capensis,NA,NA
356,356,Perameles_bougainville,0.226,0.634324131,1,Peramelemorphia,Peramelidae,4,1,1,Perameles,Perameles_bougainville,0.226,0.544536806,Perameles_bougainville,NA,NA
357,357,Perameles_nasuta,0.975,0.602833476,1,Peramelemorphia,Peramelidae,4,1,1,Perameles,NA,NA,NA,Perameles_nasuta,NA,NA
358,358,Perodicticus_potto,1.1,0.68025279,3,Primates,Loridae,2,2,1,Perodicticus,NA,NA,NA,Perodicticus_potto,NA,NA
359,359,Perognathus_longimembris,0.0076,0.595658917,2,Rodentia,Heteromyidae,3,1,1,Perognathus,NA,NA,NA,Perognathus longimembris,0.008900102,9.62498262
360,360,Perognathus_parvus,0.0218,0.523739176,2,Rodentia,Heteromyidae,3,1,1,Perognathus,NA,NA,NA,Perognathus parvus,0.024400286,12.1539017
361,361,Peromyscus_attwateri,0.0279,0.577246038,2,Rodentia,Muridae,1,3,1,Peromyscus,NA,NA,NA,Peromyscus_attwateri,NA,NA
362,362,Peromyscus_crinitus,0.018,0.504800363,3,Rodentia,Muridae,3,1,1,Peromyscus,NA,NA,NA,Peromyscus crinitus,0.013699676,11.07446958
363,363,Peromyscus_eremicus,0.0236,0.534896124,3,Rodentia,Muridae,3,1,1,Peromyscus,NA,NA,NA,Peromyscus eremicus,0.019800794,12.72857913
364,364,Peromyscus_leucopus,0.0212,0.592448969,3,Rodentia,Muridae,1,1,1,Peromyscus,NA,NA,NA,Peromyscus_leucopus,NA,NA
365,365,Peromyscus_maniculatus,0.0213,0.589076491,3,Rodentia,Muridae,2,2,1,Peromyscus,NA,NA,NA,Peromyscus maniculatus,0.022133733,11.71921449
366,366,Peromyscus_truei,0.0274,0.590149307,3,Rodentia,Muridae,3,3,1,Peromyscus,Peromyscus_truei,0.0274,0.741353341,Peromyscus truei,0.019300949,13.90027596
367,367,Petaurista_elegans,0.997,0.460174267,2,Rodentia,Sciuridae,3,2,1,Petaurista,NA,NA,NA,Petaurista_elegans,NA,NA
368,368,Petauroides_volans,1.3,0.568476704,2,Diprotodontia,Psuedocheiridae,2,2,1,Petauroides,Petauroides_volans,1.3,0.63088871,Petauroides_volans,NA,NA
369,369,Petaurus_breviceps,0.1063,0.639685374,3,Diprotodontia,Petauridae,2,2,1,Petaurus,Petaurus_breviceps,0.1275,0.607101713,Petaurus_breviceps,NA,NA
370,370,Petrodromus_tetradactylus,0.1875,0.641823989,1,Macroscelidea,Macroscelididae,1,3,3,Petrodromus,Petrodromus_tetradactylus,0.1875,0.639089535,Petrodromus_tetradactylus,NA,NA
371,371,Petrogale_burbidgei,1.258,0.645973632,2,Diprotodontia,Macropodidae,1,3,1,Petrogale,Petrogale_burbidgei,1.258,0.594201222,Petrogale_burbidgei,NA,NA
372,372,Petromus_typicus,0.224,0.539097484,2,Rodentia,Petromuridae,5,3,1,Petromus,NA,NA,NA,Petromus_typicus,NA,NA
373,373,Phacochoerus_aethiopicus,71.0003,0.855371792,2,Artiodactyla,Suidae,3,3,3,Phacochoerus,Phacochoerus_aethiopicus,71.0003,0.924756149,Phacochoerus aethiopicus,85,54.2408
374,374,Phalanger_orientalis,2.16875,0.586641505,2,Diprotodontia,Phalangeridae,2,2,1,Phalanger,NA,NA,NA,Phalanger_orientalis,NA,NA
375,375,Phaner_furcifer,0.4,0.552244779,2,Primates,Cheirogaleidae,2,2,1,Phaner,Phaner_furcifer,0.4,0.577487629,Phaner_furcifer,NA,NA
376,376,Phascogale_calura,0.0515,0.596773006,1,Dasyuromorphia,Dasyuridae,2,2,1,Phascogale,NA,NA,NA,Phascogale_calura,NA,NA
377,377,Philander_andersoni,0.325,0.701798276,3,Didelphimorphia,Didelphidae,2,2,1,Philander,Philander_andersoni,0.325,0.73008354,Philander_andersoni,NA,NA
378,378,Pithecia_pithecia,1.3755,0.639029167,2,Primates,Cebidae,2,2,1,Pithecia,Pithecia_pithecia,1.3755,0.651685954,Pithecia_pithecia,NA,NA
379,379,Planigale_maculata,0.011,0.661204467,1,Dasyuromorphia,Dasyuridae,4,3,1,Planigale,Planigale_maculata,0.011,0.605803421,Planigale_maculata,NA,NA
380,380,Pongo_pygmaeus,37,0.861991006,2,Primates,Hominidae,2,2,1,Pongo,Pongo_pygmaeus,37,0.822935356,Pongo_pygmaeus,NA,NA
381,381,Potamochoerus_larvatus,97.5,0.887826656,2,Artiodactyla,Suidae,1,3,3,Potamochoerus,Potamochoerus_larvatus,97.5,0.902916058,Potamochoerus_larvatus,NA,NA
382,382,Potorous_tridactylus,1.1,0.580530916,2,Diprotodontia,Potoroidae,1,3,1,Potorous,Potorous_tridactylus,1.1,0.762016178,Potorous_tridactylus,NA,NA
383,383,Presbytis_hosei,6.5,0.661500166,3,Primates,Cercopithecidae,2,2,1,Presbytis,NA,NA,NA,Presbytis_hosei,NA,NA
384,384,Priodontes_maximus,45.3597,0.752169751,1,Xenarthra,Dasypodidae,1,1,2,Priodontes,Priodontes_maximus,45.3597,0.835438385,Priodontes_maximus,NA,NA
385,385,Prionailurus_rubiginosus,1.3844,0.754499677,1,Carnivora,Felidae,2,3,2,Prionailurus,Prionailurus_rubiginosus,1.35,0.699747014,Prionailurus_rubiginosus,NA,NA
386,386,Prionailurus_viverrinus,9.140333,0.809343272,1,Carnivora,Felidae,2,3,2,Prionailurus,Prionailurus_viverrinus,10.85,0.843815032,Prionailurus_viverrinus,NA,NA
387,387,Prionodon_linsang,0.7,0.720717915,1,Carnivora,Viverridae,2,2,2,Prionodon,Prionodon_linsang,0.7,0.745896348,Prionodon_linsang,NA,NA
388,388,Prionomys_batesi,0.0125,0.612336073,2,Rodentia,Muridae,2,2,1,Prionomys,NA,NA,NA,Prionomys_batesi,NA,NA
389,389,Procapra_gutturosa,27.75,0.843135898,2,Artiodactyla,Bovidae,3,3,3,Procapra,Procapra_gutturosa,27.75,0.85549549,Procapra gutturosa,30,79.04488
390,390,Procavia_capensis,3.03,0.600881958,2,Hyracoidea,Procaviidae,3,3,1,Procavia,Procavia_capensis,3.03,0.631766187,Procavia_capensis,NA,NA
391,391,Procolobus_rufomitratus,8,0.649855305,2,Primates,Cercopithecidae,2,2,1,Procolobus,NA,NA,NA,Procolobus_rufomitratus,NA,NA
392,392,Procyon_cancrivorus,6.9499,0.809151641,1,Carnivora,Procyonidae,2,2,2,Procyon,Procyon_cancrivorus,6.9499,0.802276962,Procyon_cancrivorus,NA,NA
393,393,Procyon_lotor,5.525,0.788716283,1,Carnivora,Procyonidae,2,2,2,Procyon,Procyon_lotor,5.525,0.83621581,Procyon lotor,8.666677197,23.56995282
394,394,Pronolagus_randensis,2.335,0.562456788,2,Lagomorpha,Leporidae,4,3,1,Pronolagus,NA,NA,NA,Pronolagus_randensis,NA,NA
395,395,Propithecus_diadema,7.5,0.687456988,2,Primates,Indridae,2,2,1,Propithecus,NA,NA,NA,Propithecus_diadema,NA,NA
396,396,Proteles_cristatus,10,0.864543431,1,Carnivora,Hyaenidae,4,3,2,Proteles,Proteles_cristatus,10,0.873096785,Proteles_cristatus,NA,NA
397,397,Pseudalopex_griseus,8.28,0.828836742,1,Carnivora,Canidae,4,3,2,Pseudalopex,Pseudalopex_griseus,8.28,0.826079424,Pseudalopex_griseus,NA,NA
398,398,Pseudantechinus_macdonnellensis,0.0325,0.642954816,1,Dasyuromorphia,Dasyuridae,3,1,1,Pseudantechinus,Pseudantechinus_macdonnellensis,0.0325,0.736905474,Pseudantechinus_macdonnellensis,NA,NA
399,399,Pseudocheirus_herbertensis,1.115,0.46261398,2,Diprotodontia,Psuedocheiridae,2,2,1,Pseudocheirus,NA,NA,NA,Pseudocheirus_herbertensis,NA,NA
400,400,Pseudomys_australis,0.065,0.553214045,3,Rodentia,Muridae,3,1,1,Pseudomys,NA,NA,NA,Pseudomys australis,0.050001727,15.91762275
401,401,Pseudomys_hermannsburgensis,0.012,0.599444619,3,Rodentia,Muridae,3,1,1,Pseudomys,NA,NA,NA,Pseudomys_hermannsburgensis,NA,NA
402,402,Pseudomys_nanus,0.034,0.535890379,3,Rodentia,Muridae,3,1,1,Pseudomys,NA,NA,NA,Pseudomys nanus,0.060997905,14.05006298
403,403,Pteromys_volans,0.14375,0.600638992,2,Rodentia,Sciuridae,2,2,1,Pteromys,NA,NA,NA,Pteromys_volans,NA,NA
404,404,Puma_concolor,51.6,0.826279534,1,Carnivora,Felidae,2,3,2,Puma,Puma_concolor,51.6,0.825526811,Puma_concolor,NA,NA
405,405,Pygathrix_nemaeus,8.31,0.721899077,2,Primates,Cercopithecidae,2,2,1,Pygathrix,Pygathrix_nemaeus,8.31,0.82224488,Pygathrix_nemaeus,NA,NA
406,406,Rangifer_tarandus,86.034,0.821989795,2,Artiodactyla,Cervidae,2,3,3,Rangifer,Rangifer_tarandus,86.034,0.880950633,Rangifer tarandus,110,78.8926
407,407,Raphicerus_sharpei,9.4999,0.861728089,2,Artiodactyla,Bovidae,1,3,3,Raphicerus,Raphicerus_sharpei,9.4999,0.85476984,Raphicerus_sharpei,NA,NA
408,408,Rattus_rattus,0.22915,0.564688117,3,Rodentia,Muridae,1,3,1,Rattus,Rattus_rattus,0.1783,0.657193794,Rattus_rattus,NA,NA
409,409,Rattus_tanezumi,0.087,0.674756907,3,Rodentia,Muridae,1,1,1,Rattus,NA,NA,NA,Rattus_tanezumi,NA,NA
410,410,Rattus_villosissimus,0.134,0.627358213,2,Rodentia,Muridae,1,1,1,Rattus,NA,NA,NA,Rattus_villosissimus,NA,NA
411,411,Ratufa_bicolor,2.05,0.568126789,3,Rodentia,Sciuridae,2,2,1,Ratufa,Ratufa_bicolor,2.05,0.515170119,Ratufa_bicolor,NA,NA
412,412,Reithrodontomys_megalotis,0.0094,0.69067793,2,Rodentia,Muridae,1,3,1,Reithrodontomys,NA,NA,NA,Reithrodontomys_megalotis,NA,NA
413,413,Rhabdomys_pumilio,0.0407,0.650747504,2,Rodentia,Muridae,3,2,1,Rhabdomys,Rhabdomys_pumilio,0.0407,0.732039071,Rhabdomys_pumilio,NA,NA
414,414,Rheithrosciurus_macrotis,1.225,0.833292439,3,Rodentia,Sciuridae,2,2,1,Rheithrosciurus,Rheithrosciurus_macrotis,1.225,0.797248322,Rheithrosciurus_macrotis,NA,NA
415,415,Rhinosciurus_laticaudatus,0.221,0.60595313,1,Rodentia,Sciuridae,2,2,1,Rhinosciurus,Rhinosciurus_laticaudatus,0.221,0.552097419,Rhinosciurus_laticaudatus,NA,NA
416,416,Rhipidomys_mastacalis,0.0775,0.567295746,2,Rodentia,Muridae,2,2,1,Rhipidomys,NA,NA,NA,Rhipidomys_mastacalis,NA,NA
417,417,Rhynchocyon_chrysopygus,0.54,0.676676286,1,Macroscelidea,Macroscelididae,1,3,2,Rhynchocyon,Rhynchocyon_chrysopygus,0.54,0.63298283,Rhynchocyon_chrysopygus,NA,NA
418,418,Romerolagus_diazi,0.4767,0.633145948,2,Lagomorpha,Leporidae,5,3,1,Romerolagus,NA,NA,NA,Romerolagus_diazi,NA,NA
419,419,Rupicapra_rupicapra,26.1,0.853456105,2,Artiodactyla,Bovidae,5,3,3,Rupicapra,Rupicapra_rupicapra,26.1,0.873565645,Rupicapra rupicapra,50,39.4436
420,420,Saguinus_imperator,0.4,0.719917495,3,Primates,Callitrichidae,2,2,1,Saguinus,Saguinus_imperator,0.4,0.802702554,Saguinus_imperator,NA,NA
421,421,Saiga_tatarica,29,0.866965603,2,Artiodactyla,Bovidae,4,3,3,Saiga,Saiga_tatarica,29,0.890872721,Saiga tatarica,35,78.88
422,422,Saimiri_oerstedii,0.2785,0.799563595,3,Primates,Cebidae,2,2,1,Saimiri,Saimiri_oerstedii,0.2785,0.751517597,Saimiri_oerstedii,NA,NA
423,423,Sciurus_carolinensis,0.5065,0.503044183,2,Rodentia,Sciuridae,2,2,1,Sciurus,Sciurus_carolinensis,0.5065,0.550193148,Sciurus carolinensis,0.516678178,28.40532639
424,424,Sciurus_nayaritensis,0.697,0.564834694,2,Rodentia,Sciuridae,2,2,1,Sciurus,Sciurus_nayaritensis,0.697,0.661749107,Sciurus_nayaritensis,NA,NA
425,425,Sciurus_niger,0.7619,0.566566076,2,Rodentia,Sciuridae,2,2,1,Sciurus,NA,NA,NA,Sciurus niger,1.077976717,23.32494656
426,426,Sciurus_vulgaris,0.333,0.549423823,2,Rodentia,Sciuridae,2,2,1,Sciurus,Sciurus_vulgaris,0.333,0.574800937,Sciurus_vulgaris,NA,NA
427,427,Semnopithecus_entellus,11.52983,0.788854778,2,Primates,Cercopithecidae,2,2,1,Semnopithecus,Semnopithecus_entellus,14.5,0.79474689,Semnopithecus_entellus,NA,NA
428,428,Setonix_brachyurus,3.25,0.649789775,2,Diprotodontia,Macropodidae,1,3,1,Setonix,Setonix_brachyurus,3.25,0.770128734,Setonix_brachyurus,NA,NA
429,429,Sicista_betulina,0.008,0.634864679,3,Rodentia,Dipodidae,1,2,1,Sicista,NA,NA,NA,Sicista_betulina,NA,NA
430,430,Sigmodon_alleni,0.179,0.609003781,3,Rodentia,Muridae,1,1,1,Sigmodon,NA,NA,NA,Sigmodon_alleni,NA,NA
431,431,Sminthopsis_aitkeni,0.0225,0.665446104,1,Dasyuromorphia,Dasyuridae,1,1,1,Sminthopsis,NA,NA,NA,Sminthopsis_aitkeni,NA,NA
432,432,Sminthopsis_crassicaudata,0.015,0.629645502,2,Dasyuromorphia,Dasyuridae,3,1,1,Sminthopsis,NA,NA,NA,Sminthopsis crassicaudata,0.016999043,11.18144832
433,433,Sminthopsis_laniger,0.025,0.546748337,2,Dasyuromorphia,Dasyuridae,3,3,1,Sminthopsis,NA,NA,NA,Sminthopsis_laniger,NA,NA
434,434,Sminthopsis_macroura,0.02,0.637889126,2,Dasyuromorphia,Dasyuridae,3,3,1,Sminthopsis,NA,NA,NA,Sminthopsis macroura,0.019999309,14.02506286
435,435,Solenodon_cubanus,0.65,0.638594197,1,Insectivora,Solenodontidae,1,2,1,Solenodon,Solenodon_cubanus,0.65,0.78693189,Solenodon_cubanus,NA,NA
436,436,Sorex_alpinus,0.0078,0.665575221,1,Insectivora,Soricidae,5,1,1,Sorex,NA,NA,NA,Sorex_alpinus,NA,NA
437,437,Spermophilopsis_leptodactylus,0.600022451,0.719319273,2,Rodentia,Sciuridae,3,1,2,Spermophilopsis,Spermophilopsis_leptodactylus,0.6,0.764266867,Spermophilopsis leptodactylus,0.600022451,35.33953999
438,438,Spermophilus_beldingi,0.2805,0.500431323,3,Rodentia,Sciuridae,4,1,1,Spermophilus,Spermophilus_beldingi,0.2805,0.559405024,Spermophilus beldingi,0.299995106,12.73940065
439,439,Spermophilus_citellus,0.29,0.610475735,3,Rodentia,Sciuridae,4,1,1,Spermophilus,Spermophilus_citellus,0.29,0.730079937,Spermophilus citellus,0.500011512,17.64447573
440,440,Spermophilus_saturatus,0.22,0.548600763,3,Rodentia,Sciuridae,5,3,1,Spermophilus,Spermophilus_saturatus,0.22,0.621174903,Spermophilus saturatus,0.22201202,21.53387944
441,441,Spermophilus_tereticaudus,0.1565,0.553225231,3,Rodentia,Sciuridae,3,1,1,Spermophilus,Spermophilus_tereticaudus,0.1565,0.573817405,Spermophilus tereticaudus,0.112595023,14.78011905
442,442,Spermophilus_tridecemlineatus,0.1317,0.575512319,3,Rodentia,Sciuridae,4,1,1,Spermophilus,NA,NA,NA,Spermophilus tridecemlineatus,0.124998559,11.81966618
443,443,Spermophilus_undulatus,0.84,0.573145153,3,Rodentia,Sciuridae,4,1,1,Spermophilus,Spermophilus_undulatus,0.84,0.611450607,Spermophilus undulatus,0.600022451,19.63006272
444,444,Spilocuscus_maculatus,6.4,0.737613354,2,Diprotodontia,Phalangeridae,2,2,1,Spilocuscus,Spilocuscus_maculatus,6.4,0.919994772,Spilocuscus_maculatus,NA,NA
445,445,Spilogale_pygmaea,0.235,0.754610037,1,Carnivora,Mustelidae,1,3,1,Spilogale,Spilogale_pygmaea,0.235,0.730671233,Spilogale_pygmaea,NA,NA
446,446,Strigocuscus_gymnotis,2.705,0.726137713,3,Diprotodontia,Phalangeridae,2,2,1,Strigocuscus,Strigocuscus_gymnotis,2.705,0.891926876,Strigocuscus_gymnotis,NA,NA
447,447,Suncus_etruscus,0.0021,0.595900136,1,Insectivora,Soricidae,2,2,1,Suncus,Suncus_etruscus,0.0018,0.610453205,Suncus_etruscus,NA,NA
448,448,Suncus_infinitesimus,0.0044,0.585065312,1,Insectivora,Soricidae,4,3,1,Suncus,NA,NA,NA,Suncus_infinitesimus,NA,NA
449,449,Suncus_murinus,0.06042,0.586622859,1,Insectivora,Soricidae,1,1,1,Suncus,NA,NA,NA,Suncus_murinus,NA,NA
450,450,Sus_barbatus,96.6667,0.924011161,3,Artiodactyla,Suidae,1,3,3,Sus,Sus_barbatus,96.6667,0.91140062,Sus_barbatus,NA,NA
451,451,Sus_scrofa,96.1181,0.899363645,3,Artiodactyla,Suidae,1,3,3,Sus,NA,NA,NA,Sus_scrofa,NA,NA
452,452,Sylvilagus_aquaticus,2.1358,0.650414316,2,Lagomorpha,Leporidae,4,3,2,Sylvilagus,Sylvilagus_aquaticus,2.1358,0.595810492,Sylvilagus_aquaticus,NA,NA
453,453,Sylvilagus_floridanus,1.1728,0.634362492,2,Lagomorpha,Leporidae,4,3,2,Sylvilagus,Sylvilagus_floridanus,1.1728,0.612110698,Sylvilagus_floridanus,NA,NA
454,454,Synaptomys_cooperi,0.0319,0.586169116,2,Rodentia,Muridae,4,1,1,Synaptomys,NA,NA,NA,Synaptomys_cooperi,NA,NA
455,455,Syncerus_caffer,580.0027,0.891340604,2,Artiodactyla,Bovidae,4,3,3,Syncerus,Syncerus_caffer,580.0027,0.924028071,Syncerus caffer,685,56.22
456,456,Tachyglossus_aculeatus,3.025,0.760133042,1,Monotremata,Tachyglossidae,1,1,2,Tachyglossus,NA,NA,NA,Tachyglossus_aculeatus,NA,NA
457,457,Tamandua_mexicana,4.21,0.814119802,1,Xenarthra,Myrmecophagidae,2,2,2,Tamandua,Tamandua_mexicana,4.21,0.838918084,Tamandua_mexicana,NA,NA
458,458,Tamias_amoenus,0.0505,0.560733024,2,Rodentia,Sciuridae,2,2,1,Tamias,Tamias_amoenus,0.0505,0.529296101,Tamias amoenus,0.051001751,18.85871885
459,459,Tamias_minimus,0.1353,0.507299353,2,Rodentia,Sciuridae,2,2,1,Tamias,Tamias_minimus,0.1353,0.608684643,Tamias minimus,0.034534062,16.17806144
460,460,Tamias_striatus,0.1119,0.533743398,2,Rodentia,Sciuridae,2,2,1,Tamias,Tamias_striatus,0.1119,0.510687434,Tamias striatus,0.1,16.68227007
461,461,Tamiasciurus_hudsonicus,0.2012,0.54300775,2,Rodentia,Sciuridae,2,2,1,Tamiasciurus,Tamiasciurus_hudsonicus,0.2012,0.46484274,Tamiasciurus hudsonicus,0.21999617,14.74597778
462,462,Tapirus_bairdii,299.9991,0.886504692,2,Perissodactyla,Tapiridae,1,3,2,Tapirus,Tapirus_bairdii,299.9991,0.888013067,Tapirus bairdii,250,39.39392
463,463,Tarsipes_rostratus,0.009,0.582788961,2,Diprotodontia,Tarsipedidae,2,2,1,Tarsipes,NA,NA,NA,Tarsipes_rostratus,NA,NA
464,464,Tarsius_bancanus,0.09425,0.379983237,1,Primates,Tarsiidae,2,2,1,Tarsius,Tarsius_bancanus,0.078,0.348466618,Tarsius_bancanus,NA,NA
465,465,Tarsius_dianae,0.107,0.406061663,1,Primates,Tarsiidae,2,2,1,Tarsius,NA,NA,NA,Tarsius_dianae,NA,NA
466,466,Tatera_indica,0.1663,0.622219774,2,Rodentia,Muridae,3,1,1,Tatera,NA,NA,NA,Tatera_indica,NA,NA
467,467,Taurotragus_oryx,569.9936,0.882527325,2,Artiodactyla,Bovidae,4,3,3,Taurotragus,Taurotragus_oryx,569.9936,0.930162572,Taurotragus oryx,705.5,69.0848
468,468,Tayassu_pecari,32.2337,0.881194099,3,Artiodactyla,Tayassuidae,4,3,3,Tayassu,Tayassu_pecari,32.2337,0.895441999,Tayassu_pecari,NA,NA
469,469,Tenrec_ecaudatus,0.684,0.694336224,1,Insectivora,Tenrecidae,1,3,2,Tenrec,Tenrec_ecaudatus,0.5,0.631549071,Tenrec_ecaudatus,NA,NA
470,470,Thallomys_nigricauda,0.1247,0.557638231,2,Rodentia,Muridae,2,2,1,Thallomys,NA,NA,NA,Thallomys_nigricauda,NA,NA
471,471,Thrichomys_apereoides,0.275,0.566541748,2,Rodentia,Echimyidae,4,1,1,Thrichomys,NA,NA,NA,Thrichomys_apereoides,NA,NA
472,472,Thylamys_elegans,0.0289,0.579455867,1,Didelphimorphia,Didelphidae,3,2,1,Thylamys,Thylamys_elegans,0.0289,0.67168617,Thylamys_elegans,NA,NA
473,473,Thylogale_stigmatica,4.6,0.718295374,2,Diprotodontia,Macropodidae,1,3,1,Thylogale,Thylogale_stigmatica,4.6,0.741476712,Thylogale_stigmatica,NA,NA
474,474,Tolypeutes_tricinctus,1.487,0.737255773,1,Xenarthra,Dasypodidae,3,1,2,Tolypeutes,Tolypeutes_tricinctus,1.487,0.700526388,Tolypeutes_tricinctus,NA,NA
475,475,Trachypithecus_obscurus,6.42,0.728292025,2,Primates,Cercopithecidae,2,2,1,Trachypithecus,Trachypithecus_obscurus,6.42,0.809314032,Trachypithecus_obscurus,NA,NA
476,476,Tragelaphus_eurycerus,329.0031,0.924693584,2,Artiodactyla,Bovidae,4,3,3,Tragelaphus,Tragelaphus_eurycerus,329.0031,0.930427157,Tragelaphus_eurycerus,NA,NA
477,477,Tragelaphus_strepsiceros,213.501,0.929596386,2,Artiodactyla,Bovidae,4,3,3,Tragelaphus,Tragelaphus_strepsiceros,213.501,0.920536797,Tragelaphus_strepsiceros,NA,NA
478,478,Tragulus_javanicus,2.775,0.725986966,2,Artiodactyla,Tragulidae,1,3,3,Tragulus,Tragulus_javanicus,3.3,0.718309163,Tragulus_javanicus,NA,NA
479,479,Trichosurus_vulpecula,2.65,0.638196588,3,Diprotodontia,Phalangeridae,2,2,1,Trichosurus,Trichosurus_vulpecula,2.65,0.765905257,Trichosurus_vulpecula,NA,NA
480,480,Tupaia_belangeri,0.2,0.645276589,3,Scandentia,Tupaiidae,2,2,1,Tupaia,Tupaia_belangeri,0.2,0.694049393,Tupaia_belangeri,NA,NA
481,481,Uncia_uncia,44.167,0.774360541,1,Carnivora,Felidae,5,3,2,Uncia,Uncia_uncia,44.167,0.761413054,Uncia_uncia,NA,NA
482,482,Urocyon_cinereoargenteus,3.8337,0.821627233,1,Carnivora,Canidae,1,3,2,Urocyon,Urocyon_cinereoargenteus,3.8337,0.816922542,Urocyon cinereoargenteus,4.133328437,62.80857239
483,483,Urogale_everetti,0.35,0.732633166,3,Scandentia,Tupaiidae,1,2,2,Urogale,Urogale_everetti,0.35,0.841663461,Urogale_everetti,NA,NA
484,484,Uromys_caudimaculatus,0.60675,0.525656695,3,Rodentia,Muridae,1,2,1,Uromys,Uromys_caudimaculatus,0.646,0.571814223,Uromys caudimaculatus,1.180024444,16.16513208
485,485,Ursus_americanus,99.9494,0.881305417,1,Carnivora,Ursidae,4,3,1,Ursus,Ursus_americanus,99.9494,0.864508966,Ursus americanus,114.2,47.3145
486,486,Ursus_arctos,139.4408,0.852948231,1,Carnivora,Ursidae,1,3,1,Ursus,Ursus_arctos,206,0.783171793,Ursus arctos,275.65,47.328
487,487,Ursus_maritimus,388.75015,0.802723522,1,Carnivora,Ursidae,3,3,1,Ursus,Ursus_maritimus,425,0.823232185,Ursus maritimus,332.5,39.458
488,488,Varecia_variegata,3.85,0.807280313,2,Primates,Lemuridae,2,2,1,Varecia,Varecia_variegata,3.85,0.743146787,Varecia_variegata,NA,NA
489,489,Vicugna_vicugna,47.4996,0.924656464,2,Artiodactyla,Camelidae,5,3,3,Vicugna,Vicugna_vicugna,47.4996,0.93463047,Vicugna_vicugna,NA,NA
490,490,Viverra_megaspila,9.25,0.86304953,1,Carnivora,Viverridae,1,3,2,Viverra,Viverra_megaspila,9.25,0.884004028,Viverra_megaspila,NA,NA
491,491,Vombatus_ursinus,26,0.773621951,2,Diprotodontia,Vombatidae,4,1,1,Vombatus,Vombatus_ursinus,26,0.737441465,Vombatus_ursinus,NA,NA
492,492,Vulpes_cana,1,0.811495751,1,Carnivora,Canidae,5,3,2,Vulpes,Vulpes_cana,1,0.773497341,Vulpes_cana,NA,NA
493,493,Vulpes_pallida,2.8,0.759364979,1,Carnivora,Canidae,3,3,2,Vulpes,Vulpes_pallida,2.8,0.739861796,Vulpes_pallida,NA,NA
494,494,Vulpes_vulpes,5.60375,0.832319428,1,Carnivora,Canidae,4,3,2,Vulpes,Vulpes_vulpes,6,0.848626677,Vulpes_vulpes,NA,NA
495,495,Wyulda_squamicaudata,1.675,0.659638705,2,Diprotodontia,Phalangeridae,2,2,1,Wyulda,Wyulda_squamicaudata,1.675,0.817597441,Wyulda_squamicaudata,NA,NA
496,496,Xeromys_myoides,0.041,0.648049039,1,Rodentia,Muridae,4,1,1,Xeromys,Xeromys_myoides,0.041,0.44487799,Xeromys_myoides,NA,NA
497,497,Xerus_princeps,0.95,0.707252641,3,Rodentia,Sciuridae,2,2,1,Xerus,Xerus_princeps,0.95,0.589003401,Xerus_princeps,NA,NA
498,498,Zaedyus_pichiy,1.38,0.701793531,3,Xenarthra,Dasypodidae,3,1,2,Zaedyus,NA,NA,NA,Zaedyus_pichiy,NA,NA
499,499,Zaglossus_bruijni,10.3,0.857596045,1,Monotremata,Tachyglossidae,5,1,2,Zaglossus,NA,NA,NA,Zaglossus_bruijni,NA,NA
500,500,Zapus_hudsonius,0.0171,0.50399104,1,Rodentia,Dipodidae,4,3,1,Zapus,NA,NA,NA,Zapus_hudsonius,NA,NA
501,501,Zapus_trinotatus,0.0275,0.529067008,1,Rodentia,Dipodidae,4,3,1,Zapus,NA,NA,NA,Zapus trinotatus,0.028498528,13.83862497
502,502,Zyzomys_argurus,0.036,0.52702473,3,Rodentia,Muridae,3,3,1,Zyzomys,NA,NA,NA,Zyzomys_argurus,NA,NA
